Image,A_score,C_score,D_value,B_score
ISIC_0000000,2.6,6,0.5,0.0
ISIC_0000001,0.0,5,1.5,5.0
ISIC_0000003,0.0,6,0.5,0.0
ISIC_0000004,0.0,5,0.0,5.0
ISIC_0000006,2.6,5,0.5,0.0
ISIC_0000007,2.6,6,0.5,0.0
ISIC_0000008,0.0,5,1.0,0.0
ISIC_0000009,2.6,6,1.0,0.0
ISIC_0000011,2.6,6,0.0,0.0
ISIC_0000012,2.6,5,1.0,0.0
ISIC_0000013,2.6,5,1.5,0.0
ISIC_0000014,2.6,5,0.0,0.0
ISIC_0000015,1.3,5,0.5,0.0
ISIC_0000016,1.3,6,0.5,0.0
ISIC_0000017,0.0,6,1.0,0.0
ISIC_0000018,2.6,5,0.5,0.0
ISIC_0000019,0.0,4,0.5,0.0
ISIC_0000020,2.6,4,0.5,0.0
ISIC_0000021,2.6,5,1.0,0.0
ISIC_0000022,0.0,6,0.5,2.0
ISIC_0000023,0.0,5,0.0,0.0
ISIC_0000024,0.0,6,0.0,2.0
ISIC_0000025,1.3,6,0.5,0.0
ISIC_0000026,2.6,6,0.0,0.0
ISIC_0000027,0.0,6,1.0,0.0
ISIC_0000028,2.6,6,0.5,0.0
ISIC_0000029,0.0,6,0.5,5.0
ISIC_0000030,2.6,5,0.5,0.0
ISIC_0000031,2.6,5,1.5,0.0
ISIC_0000032,0.0,5,1.0,8.0
ISIC_0000034,0.0,6,1.5,0.0
ISIC_0000035,0.0,5,0.5,0.0
ISIC_0000036,1.3,5,0.5,0.0
ISIC_0000037,2.6,6,1.0,0.0
ISIC_0000038,0.0,6,0.5,0.0
ISIC_0000039,0.0,6,0.5,0.0
ISIC_0000040,2.6,6,0.0,0.0
ISIC_0000041,2.6,5,0.0,1.0
ISIC_0000042,0.0,6,1.0,7.0
ISIC_0000043,1.3,4,1.0,8.0
ISIC_0000044,0.0,5,1.0,1.0
ISIC_0000045,0.0,6,0.0,0.0
ISIC_0000046,1.3,5,0.5,0.0
ISIC_0000047,2.6,6,1.0,0.0
ISIC_0000048,1.3,5,0.5,0.0
ISIC_0000049,0.0,6,1.0,3.0
ISIC_0000050,0.0,6,0.5,2.0
ISIC_0000051,2.6,5,0.5,0.0
ISIC_0000052,0.0,4,1.0,2.0
ISIC_0000053,0.0,5,1.0,0.0
ISIC_0000054,2.6,6,0.5,0.0
ISIC_0000055,2.6,6,0.5,0.0
ISIC_0000056,0.0,6,0.5,0.0
ISIC_0000057,0.0,6,0.5,0.0
ISIC_0000058,2.6,6,1.0,0.0
ISIC_0000059,1.3,6,0.5,2.0
ISIC_0000060,0.0,5,0.5,0.0
ISIC_0000061,0.0,5,1.0,0.0
ISIC_0000062,0.0,5,1.0,0.0
ISIC_0000063,0.0,6,0.5,2.0
ISIC_0000064,0.0,5,1.0,0.0
ISIC_0000065,2.6,5,1.0,3.0
ISIC_0000066,1.3,6,0.5,0.0
ISIC_0000067,0.0,6,1.0,0.0
ISIC_0000068,0.0,6,0.5,4.0
ISIC_0000069,0.0,5,1.0,3.0
ISIC_0000071,0.0,6,0.5,0.0
ISIC_0000072,0.0,6,0.5,0.0
ISIC_0000073,0.0,6,1.5,0.0
ISIC_0000074,2.6,6,0.5,8.0
ISIC_0000075,0.0,5,0.5,6.0
ISIC_0000077,0.0,6,0.5,0.0
ISIC_0000078,2.6,6,1.0,0.0
ISIC_0000079,2.6,6,0.5,0.0
ISIC_0000080,0.0,5,0.5,0.0
ISIC_0000081,2.6,5,0.5,0.0
ISIC_0000082,2.6,6,0.5,0.0
ISIC_0000085,0.0,6,0.5,2.0
ISIC_0000086,0.0,6,1.0,0.0
ISIC_0000087,2.6,6,0.5,0.0
ISIC_0000088,2.6,5,0.5,6.0
ISIC_0000089,1.3,5,0.5,4.0
ISIC_0000091,0.0,6,0.5,2.0
ISIC_0000092,0.0,5,0.0,0.0
ISIC_0000093,0.0,6,0.5,0.0
ISIC_0000094,1.3,6,0.5,0.0
ISIC_0000095,2.6,6,0.5,8.0
ISIC_0000096,0.0,5,1.0,0.0
ISIC_0000097,2.6,5,1.0,6.0
ISIC_0000098,2.6,6,0.5,3.0
ISIC_0000099,2.6,5,0.0,1.0
ISIC_0000100,0.0,5,0.5,3.0
ISIC_0000101,0.0,6,0.0,8.0
ISIC_0000102,2.6,5,0.5,6.0
ISIC_0000103,0.0,6,1.5,8.0
ISIC_0000104,0.0,4,0.0,8.0
ISIC_0000105,2.6,6,1.0,0.0
ISIC_0000107,2.6,6,0.5,0.0
ISIC_0000108,0.0,6,1.0,0.0
ISIC_0000109,2.6,5,0.5,1.0
ISIC_0000110,0.0,6,0.0,0.0
ISIC_0000111,2.6,5,0.5,5.0
ISIC_0000112,0.0,6,0.5,0.0
ISIC_0000113,0.0,6,0.5,1.0
ISIC_0000115,0.0,4,0.5,8.0
ISIC_0000116,2.6,6,0.5,0.0
ISIC_0000117,0.0,6,0.5,0.0
ISIC_0000119,2.6,5,1.0,0.0
ISIC_0000120,0.0,5,0.5,2.0
ISIC_0000121,0.0,5,0.0,0.0
ISIC_0000122,0.0,6,0.0,0.0
ISIC_0000123,2.6,5,0.0,5.0
ISIC_0000124,0.0,5,0.5,0.0
ISIC_0000125,0.0,6,0.0,3.0
ISIC_0000126,2.6,6,0.5,7.0
ISIC_0000127,2.6,4,1.5,0.0
ISIC_0000128,0.0,6,1.0,0.0
ISIC_0000129,2.6,5,1.0,0.0
ISIC_0000131,0.0,6,0.5,6.0
ISIC_0000132,0.0,6,0.0,3.0
ISIC_0000133,0.0,6,0.5,0.0
ISIC_0000134,0.0,5,0.5,4.0
ISIC_0000135,0.0,6,0.5,0.0
ISIC_0000136,1.3,6,0.5,0.0
ISIC_0000137,1.3,6,1.0,0.0
ISIC_0000138,0.0,6,1.0,8.0
ISIC_0000139,0.0,6,1.0,5.0
ISIC_0000140,1.3,6,1.5,3.0
ISIC_0000141,2.6,5,0.5,0.0
ISIC_0000142,0.0,6,1.0,0.0
ISIC_0000143,2.6,6,1.0,0.0
ISIC_0000145,0.0,6,0.5,8.0
ISIC_0000146,0.0,6,0.5,6.0
ISIC_0000147,0.0,6,0.5,7.0
ISIC_0000148,2.6,6,1.5,6.0
ISIC_0000149,0.0,5,0.5,0.0
ISIC_0000150,2.6,6,1.0,0.0
ISIC_0000151,2.6,6,1.0,0.0
ISIC_0000152,0.0,6,0.5,2.0
ISIC_0000153,2.6,6,0.5,1.0
ISIC_0000154,2.6,6,0.5,1.0
ISIC_0000155,0.0,6,1.5,6.0
ISIC_0000156,2.6,6,0.5,0.0
ISIC_0000157,0.0,5,0.5,6.0
ISIC_0000159,0.0,6,1.5,3.0
ISIC_0000160,2.6,6,1.0,6.0
ISIC_0000161,2.6,5,1.0,7.0
ISIC_0000162,0.0,5,0.5,5.0
ISIC_0000163,2.6,5,1.0,3.0
ISIC_0000164,2.6,6,0.5,8.0
ISIC_0000165,2.6,5,1.5,6.0
ISIC_0000166,0.0,6,0.5,4.0
ISIC_0000167,1.3,6,1.0,8.0
ISIC_0000169,1.3,6,0.0,0.0
ISIC_0000170,1.3,5,1.0,5.0
ISIC_0000171,2.6,6,1.0,7.0
ISIC_0000172,2.6,5,0.5,0.0
ISIC_0000173,2.6,5,1.0,7.0
ISIC_0000175,1.3,4,1.5,0.0
ISIC_0000176,0.0,5,0.5,0.0
ISIC_0000177,0.0,6,0.0,3.0
ISIC_0000179,2.6,3,0.0,2.0
ISIC_0000181,0.0,6,0.0,0.0
ISIC_0000182,0.0,6,0.5,2.0
ISIC_0000183,0.0,5,0.5,2.0
ISIC_0000184,0.0,5,1.0,2.0
ISIC_0000185,2.6,5,0.0,2.0
ISIC_0000186,0.0,6,0.0,0.0
ISIC_0000187,0.0,5,0.5,5.0
ISIC_0000188,1.3,6,0.5,5.0
ISIC_0000189,0.0,6,0.5,7.0
ISIC_0000190,1.3,5,1.0,3.0
ISIC_0000191,0.0,6,1.0,8.0
ISIC_0000192,2.6,6,0.0,4.0
ISIC_0000193,0.0,6,0.0,6.0
ISIC_0000196,2.6,6,0.5,3.0
ISIC_0000197,0.0,5,0.5,5.0
ISIC_0000198,0.0,4,0.5,3.0
ISIC_0000199,0.0,6,1.5,2.0
ISIC_0000200,0.0,5,1.5,6.0
ISIC_0000201,0.0,6,1.0,6.0
ISIC_0000202,0.0,6,1.0,5.0
ISIC_0000203,0.0,6,0.5,2.0
ISIC_0000204,0.0,4,0.5,7.0
ISIC_0000205,0.0,5,0.5,4.0
ISIC_0000206,2.6,5,0.5,0.0
ISIC_0000207,0.0,5,0.5,8.0
ISIC_0000208,0.0,6,0.0,6.0
ISIC_0000209,0.0,5,1.0,6.0
ISIC_0000210,0.0,5,0.5,0.0
ISIC_0000211,0.0,6,0.5,0.0
ISIC_0000212,0.0,5,0.5,7.0
ISIC_0000213,0.0,5,0.5,0.0
ISIC_0000214,2.6,5,0.5,8.0
ISIC_0000215,0.0,6,1.0,2.0
ISIC_0000216,0.0,5,1.0,0.0
ISIC_0000217,0.0,6,0.5,7.0
ISIC_0000218,0.0,6,1.0,2.0
ISIC_0000219,2.6,6,0.5,8.0
ISIC_0000220,0.0,6,0.5,8.0
ISIC_0000221,0.0,6,1.0,2.0
ISIC_0000222,0.0,5,1.0,4.0
ISIC_0000223,0.0,6,0.5,3.0
ISIC_0000224,0.0,5,0.5,6.0
ISIC_0000225,0.0,6,0.5,3.0
ISIC_0000226,0.0,6,0.5,0.0
ISIC_0000227,0.0,6,0.5,4.0
ISIC_0000228,0.0,5,1.0,0.0
ISIC_0000229,1.3,5,0.5,8.0
ISIC_0000230,0.0,5,1.0,3.0
ISIC_0000231,0.0,6,1.0,4.0
ISIC_0000232,0.0,5,0.5,0.0
ISIC_0000233,0.0,4,1.0,3.0
ISIC_0000234,0.0,6,0.5,3.0
ISIC_0000235,0.0,5,0.0,1.0
ISIC_0000236,0.0,6,1.0,0.0
ISIC_0000239,0.0,5,1.0,2.0
ISIC_0000240,0.0,6,1.5,0.0
ISIC_0000242,2.6,6,0.5,0.0
ISIC_0000243,0.0,5,1.0,0.0
ISIC_0000244,1.3,6,0.5,1.0
ISIC_0000245,0.0,6,0.5,0.0
ISIC_0000246,1.3,6,0.5,0.0
ISIC_0000247,0.0,5,0.5,0.0
ISIC_0000249,0.0,6,0.0,0.0
ISIC_0000250,0.0,6,1.0,3.0
ISIC_0000251,2.6,6,0.5,0.0
ISIC_0000252,1.3,6,0.5,3.0
ISIC_0000253,2.6,6,0.5,0.0
ISIC_0000254,0.0,5,0.5,0.0
ISIC_0000255,0.0,6,1.0,0.0
ISIC_0000256,0.0,5,1.0,0.0
ISIC_0000258,0.0,6,0.5,0.0
ISIC_0000259,0.0,5,1.0,0.0
ISIC_0000260,0.0,6,1.0,3.0
ISIC_0000261,0.0,6,1.0,0.0
ISIC_0000262,2.6,6,1.0,3.0
ISIC_0000263,2.6,6,0.5,0.0
ISIC_0000264,0.0,4,0.5,6.0
ISIC_0000265,1.3,6,0.0,3.0
ISIC_0000268,0.0,6,0.5,2.0
ISIC_0000269,0.0,5,1.0,0.0
ISIC_0000271,0.0,6,0.5,0.0
ISIC_0000274,0.0,5,0.5,0.0
ISIC_0000275,2.6,5,0.5,0.0
ISIC_0000276,0.0,6,0.5,0.0
ISIC_0000277,0.0,6,0.5,0.0
ISIC_0000278,1.3,5,0.0,0.0
ISIC_0000279,0.0,6,0.5,0.0
ISIC_0000281,0.0,6,1.5,6.0
ISIC_0000282,0.0,6,0.5,0.0
ISIC_0000283,1.3,6,1.5,4.0
ISIC_0000287,0.0,6,0.5,0.0
ISIC_0000288,0.0,5,0.0,0.0
ISIC_0000290,2.6,6,0.5,5.0
ISIC_0000292,0.0,5,0.5,3.0
ISIC_0000293,1.3,5,0.5,2.0
ISIC_0000294,1.3,6,0.5,0.0
ISIC_0000295,0.0,6,0.5,1.0
ISIC_0000297,0.0,5,1.0,7.0
ISIC_0000298,0.0,6,0.0,8.0
ISIC_0000299,0.0,6,0.5,7.0
ISIC_0000300,1.3,6,0.5,5.0
ISIC_0000301,0.0,6,1.0,2.0
ISIC_0000303,0.0,5,0.5,2.0
ISIC_0000306,2.6,5,0.0,8.0
ISIC_0000307,1.3,6,0.5,4.0
ISIC_0000310,0.0,6,1.0,7.0
ISIC_0000311,0.0,5,0.5,2.0
ISIC_0000313,0.0,6,0.5,5.0
ISIC_0000314,0.0,6,0.5,3.0
ISIC_0000315,2.6,6,0.0,6.0
ISIC_0000316,2.6,6,0.5,0.0
ISIC_0000317,0.0,6,0.0,0.0
ISIC_0000319,1.3,5,1.0,8.0
ISIC_0000320,0.0,6,0.5,6.0
ISIC_0000321,0.0,6,0.0,2.0
ISIC_0000322,0.0,6,0.5,0.0
ISIC_0000323,0.0,3,0.0,7.0
ISIC_0000324,0.0,6,0.5,2.0
ISIC_0000325,0.0,6,1.0,5.0
ISIC_0000326,0.0,6,0.5,5.0
ISIC_0000327,2.6,6,0.5,0.0
ISIC_0000328,2.6,5,0.5,0.0
ISIC_0000329,0.0,6,1.0,5.0
ISIC_0000330,2.6,6,0.0,7.0
ISIC_0000331,0.0,5,0.0,5.0
ISIC_0000332,0.0,5,0.0,0.0
ISIC_0000336,2.6,6,1.0,0.0
ISIC_0000337,0.0,4,0.5,4.0
ISIC_0000338,2.6,6,0.5,4.0
ISIC_0000339,0.0,5,0.0,8.0
ISIC_0000340,0.0,6,0.5,1.0
ISIC_0000341,2.6,6,1.0,4.0
ISIC_0000342,0.0,6,1.0,3.0
ISIC_0000343,0.0,5,0.0,8.0
ISIC_0000344,2.6,6,0.5,1.0
ISIC_0000345,2.6,6,0.5,6.0
ISIC_0000346,2.6,6,0.5,4.0
ISIC_0000348,1.3,5,0.5,5.0
ISIC_0000349,0.0,6,0.5,3.0
ISIC_0000350,2.6,6,0.5,6.0
ISIC_0000351,0.0,6,0.5,0.0
ISIC_0000352,2.6,6,0.5,0.0
ISIC_0000353,2.6,6,0.5,6.0
ISIC_0000354,1.3,6,1.0,4.0
ISIC_0000355,1.3,5,0.5,2.0
ISIC_0000357,1.3,6,0.5,7.0
ISIC_0000358,0.0,5,0.5,7.0
ISIC_0000359,2.6,5,0.5,3.0
ISIC_0000360,0.0,6,0.0,8.0
ISIC_0000361,2.6,6,0.5,4.0
ISIC_0000363,2.6,6,1.5,5.0
ISIC_0000364,0.0,5,0.0,7.0
ISIC_0000365,0.0,6,0.5,3.0
ISIC_0000366,2.6,6,1.0,3.0
ISIC_0000367,0.0,5,0.5,0.0
ISIC_0000368,0.0,5,0.5,4.0
ISIC_0000370,0.0,5,1.0,7.0
ISIC_0000372,0.0,6,0.5,6.0
ISIC_0000374,1.3,5,0.5,4.0
ISIC_0000376,0.0,6,0.5,2.0
ISIC_0000377,1.3,5,0.5,0.0
ISIC_0000378,1.3,6,1.0,0.0
ISIC_0000379,2.6,5,1.0,0.0
ISIC_0000380,2.6,5,1.0,8.0
ISIC_0000381,2.6,6,0.5,0.0
ISIC_0000382,2.6,6,0.5,0.0
ISIC_0000383,0.0,6,0.5,0.0
ISIC_0000384,2.6,6,0.0,0.0
ISIC_0000385,0.0,5,1.0,0.0
ISIC_0000386,0.0,6,0.5,0.0
ISIC_0000387,2.6,6,0.5,0.0
ISIC_0000388,0.0,5,0.5,0.0
ISIC_0000390,0.0,5,0.5,0.0
ISIC_0000391,0.0,6,0.5,0.0
ISIC_0000392,0.0,6,0.5,0.0
ISIC_0000393,1.3,6,0.0,0.0
ISIC_0000395,2.6,6,0.0,0.0
ISIC_0000396,0.0,5,0.5,0.0
ISIC_0000397,2.6,6,0.5,0.0
ISIC_0000403,2.6,5,0.5,0.0
ISIC_0000407,2.6,6,1.0,0.0
ISIC_0000408,0.0,5,1.0,0.0
ISIC_0000409,2.6,6,0.5,0.0
ISIC_0000410,2.6,5,0.5,0.0
ISIC_0000412,2.6,6,0.0,0.0
ISIC_0000413,2.6,4,0.0,0.0
ISIC_0000415,2.6,6,1.0,0.0
ISIC_0000416,1.3,5,0.5,0.0
ISIC_0000418,2.6,6,0.5,0.0
ISIC_0000419,2.6,6,0.5,1.0
ISIC_0000420,0.0,6,0.5,0.0
ISIC_0000421,0.0,6,0.5,0.0
ISIC_0000423,0.0,5,0.5,0.0
ISIC_0000425,2.6,5,1.0,0.0
ISIC_0000426,2.6,6,0.5,0.0
ISIC_0000427,1.3,5,0.5,0.0
ISIC_0000431,2.6,5,1.0,0.0
ISIC_0000433,2.6,5,0.5,0.0
ISIC_0000434,2.6,6,0.5,0.0
ISIC_0000436,2.6,5,0.5,0.0
ISIC_0000439,1.3,5,0.5,5.0
ISIC_0000442,2.6,6,1.0,0.0
ISIC_0000443,2.6,6,1.0,6.0
ISIC_0000444,2.6,6,0.5,0.0
ISIC_0000447,2.6,6,0.5,0.0
ISIC_0000448,2.6,6,0.5,0.0
ISIC_0000449,2.6,6,0.5,0.0
ISIC_0000451,0.0,6,0.5,2.0
ISIC_0000453,2.6,6,0.5,0.0
ISIC_0000455,2.6,6,0.5,0.0
ISIC_0000456,1.3,5,0.5,0.0
ISIC_0000457,0.0,6,0.5,0.0
ISIC_0000458,2.6,6,0.5,2.0
ISIC_0000460,2.6,6,0.5,0.0
ISIC_0000461,1.3,6,0.5,0.0
ISIC_0000463,0.0,5,0.5,8.0
ISIC_0000465,2.6,4,0.5,1.0
ISIC_0000466,2.6,6,1.0,0.0
ISIC_0000469,2.6,6,0.5,0.0
ISIC_0000470,1.3,6,0.5,0.0
ISIC_0000471,0.0,5,1.0,0.0
ISIC_0000473,2.6,5,0.5,7.0
ISIC_0000474,2.6,6,1.0,0.0
ISIC_0000476,2.6,6,0.5,0.0
ISIC_0000477,0.0,5,0.0,5.0
ISIC_0000479,2.6,5,0.5,0.0
ISIC_0000480,2.6,6,0.0,0.0
ISIC_0000481,2.6,6,0.5,0.0
ISIC_0000482,0.0,6,0.0,0.0
ISIC_0000483,0.0,6,1.0,0.0
ISIC_0000484,2.6,6,0.5,0.0
ISIC_0000485,2.6,6,1.0,0.0
ISIC_0000486,0.0,6,1.0,0.0
ISIC_0000487,1.3,6,0.5,0.0
ISIC_0000488,2.6,5,0.0,0.0
ISIC_0000489,2.6,6,0.0,0.0
ISIC_0000490,0.0,5,1.0,0.0
ISIC_0000491,0.0,6,0.5,0.0
ISIC_0000492,0.0,5,0.0,3.0
ISIC_0000493,2.6,5,1.0,0.0
ISIC_0000494,1.3,6,0.5,7.0
ISIC_0000495,0.0,6,1.0,2.0
ISIC_0000496,0.0,6,1.0,0.0
ISIC_0000498,2.6,6,0.5,5.0
ISIC_0000499,2.6,6,0.5,7.0
ISIC_0000500,2.6,6,0.5,3.0
ISIC_0000501,2.6,6,0.5,0.0
ISIC_0000503,1.3,6,0.5,2.0
ISIC_0000504,1.3,6,0.0,3.0
ISIC_0000505,2.6,4,1.0,2.0
ISIC_0000506,0.0,5,0.5,0.0
ISIC_0000507,2.6,6,0.0,0.0
ISIC_0000508,1.3,6,0.5,0.0
ISIC_0000509,0.0,6,0.5,0.0
ISIC_0000510,1.3,6,1.0,2.0
ISIC_0000511,2.6,5,0.0,0.0
ISIC_0000513,0.0,5,0.5,4.0
ISIC_0000514,1.3,6,0.5,0.0
ISIC_0000515,2.6,6,0.5,0.0
ISIC_0000517,1.3,5,0.0,0.0
ISIC_0000518,0.0,5,0.0,8.0
ISIC_0000519,0.0,6,0.5,0.0
ISIC_0000520,0.0,6,0.5,0.0
ISIC_0000521,0.0,5,0.5,0.0
ISIC_0000522,2.6,5,1.0,1.0
ISIC_0000523,0.0,5,0.0,0.0
ISIC_0000524,2.6,4,0.5,4.0
ISIC_0000525,0.0,6,1.0,2.0
ISIC_0000527,2.6,5,0.5,5.0
ISIC_0000528,2.6,5,0.0,3.0
ISIC_0000529,2.6,6,0.5,0.0
ISIC_0000530,0.0,6,0.0,0.0
ISIC_0000531,2.6,5,0.5,0.0
ISIC_0000532,2.6,4,0.5,0.0
ISIC_0000533,2.6,6,1.0,0.0
ISIC_0000534,2.6,6,0.5,0.0
ISIC_0000535,0.0,6,0.0,0.0
ISIC_0000536,2.6,6,0.5,3.0
ISIC_0000537,2.6,6,0.5,0.0
ISIC_0000538,2.6,5,0.5,1.0
ISIC_0000539,2.6,6,0.5,0.0
ISIC_0000540,0.0,6,0.5,3.0
ISIC_0000541,0.0,6,0.5,0.0
ISIC_0000542,0.0,5,0.5,0.0
ISIC_0000543,0.0,6,0.5,6.0
ISIC_0000544,2.6,5,1.0,2.0
ISIC_0000545,0.0,5,0.5,0.0
ISIC_0000546,2.6,6,0.0,0.0
ISIC_0000547,2.6,5,0.5,2.0
ISIC_0000548,2.6,6,0.5,0.0
ISIC_0000549,1.3,5,0.5,2.0
ISIC_0000550,2.6,5,0.5,2.0
ISIC_0000552,0.0,6,1.5,1.0
ISIC_0000554,2.6,5,0.5,2.0
ISIC_0000555,2.6,5,0.0,3.0
ISIC_0000556,0.0,6,0.5,0.0
ISIC_0000882,0.0,6,0.5,5.0
ISIC_0000900,0.0,6,0.0,0.0
ISIC_0000999,0.0,6,0.5,5.0
ISIC_0001100,2.6,6,0.5,0.0
ISIC_0001102,0.0,6,0.5,0.0
ISIC_0001103,2.6,6,1.5,0.0
ISIC_0001105,0.0,6,0.5,0.0
ISIC_0001106,2.6,5,0.5,0.0
ISIC_0001118,1.3,6,1.0,0.0
ISIC_0001119,2.6,6,1.5,8.0
ISIC_0001126,2.6,6,0.5,0.0
ISIC_0001128,2.6,4,0.0,0.0
ISIC_0001131,2.6,6,0.5,7.0
ISIC_0001133,0.0,6,0.5,5.0
ISIC_0001134,2.6,5,1.0,0.0
ISIC_0001140,0.0,6,1.0,0.0
ISIC_0001142,2.6,5,1.5,0.0
ISIC_0001148,1.3,6,0.5,0.0
ISIC_0001152,1.3,6,1.0,3.0
ISIC_0001163,1.3,6,0.0,0.0
ISIC_0001181,2.6,6,0.0,0.0
ISIC_0001184,0.0,6,0.5,0.0
ISIC_0001185,0.0,6,0.5,0.0
ISIC_0001186,0.0,6,0.5,0.0
ISIC_0001188,1.3,6,0.5,0.0
ISIC_0001190,1.3,6,0.5,0.0
ISIC_0001191,2.6,6,0.5,0.0
ISIC_0001204,0.0,5,1.0,0.0
ISIC_0001212,0.0,5,0.5,0.0
ISIC_0001213,2.6,6,0.5,0.0
ISIC_0001216,0.0,6,0.0,0.0
ISIC_0001242,2.6,6,1.0,0.0
ISIC_0001247,2.6,6,0.0,3.0
ISIC_0001254,0.0,6,0.0,0.0
ISIC_0001262,2.6,6,0.0,0.0
ISIC_0001267,2.6,6,0.0,0.0
ISIC_0001275,2.6,6,0.5,0.0
ISIC_0001286,2.6,6,0.5,3.0
ISIC_0001292,2.6,6,0.5,0.0
ISIC_0001296,2.6,6,0.5,0.0
ISIC_0001299,2.6,6,0.5,0.0
ISIC_0001306,0.0,6,0.0,0.0
ISIC_0001367,2.6,6,0.5,0.0
ISIC_0001372,2.6,6,0.0,0.0
ISIC_0001374,2.6,6,0.5,0.0
ISIC_0001385,2.6,6,0.0,0.0
ISIC_0001423,2.6,6,0.0,0.0
ISIC_0001427,2.6,5,0.0,0.0
ISIC_0001442,0.0,6,0.0,0.0
ISIC_0001449,1.3,5,0.0,2.0
ISIC_0001769,2.6,6,0.5,5.0
ISIC_0001852,0.0,6,0.0,0.0
ISIC_0001871,2.6,6,0.5,0.0
ISIC_0001960,2.6,5,0.5,1.0
ISIC_0002093,1.3,5,0.5,1.0
ISIC_0002107,0.0,5,1.0,0.0
ISIC_0002206,0.0,6,0.0,0.0
ISIC_0002246,0.0,6,0.0,0.0
ISIC_0002251,2.6,5,0.0,5.0
ISIC_0002287,0.0,6,0.5,0.0
ISIC_0002353,2.6,6,0.0,0.0
ISIC_0002374,0.0,6,0.0,0.0
ISIC_0002438,0.0,5,1.0,8.0
ISIC_0002439,0.0,6,1.0,8.0
ISIC_0002453,2.6,6,0.0,0.0
ISIC_0002459,2.6,6,0.0,0.0
ISIC_0002469,2.6,6,0.0,0.0
ISIC_0002476,2.6,6,0.0,0.0
ISIC_0002488,0.0,5,0.0,0.0
ISIC_0002489,0.0,6,0.5,0.0
ISIC_0002616,0.0,5,0.5,0.0
ISIC_0002647,0.0,6,0.5,0.0
ISIC_0002673,2.6,6,0.0,0.0
ISIC_0002780,2.6,6,0.5,0.0
ISIC_0002806,2.6,6,0.5,0.0
ISIC_0002829,0.0,6,0.5,0.0
ISIC_0002836,0.0,6,0.5,0.0
ISIC_0002871,0.0,6,0.0,8.0
ISIC_0002879,2.6,4,0.0,0.0
ISIC_0002885,0.0,6,0.0,0.0
ISIC_0002948,1.3,6,0.5,0.0
ISIC_0002975,0.0,6,0.0,0.0
ISIC_0002976,0.0,6,0.0,0.0
ISIC_0003005,1.3,6,0.0,1.0
ISIC_0003056,0.0,6,0.5,8.0
ISIC_0003174,0.0,6,0.5,4.0
ISIC_0003308,2.6,6,0.0,0.0
ISIC_0003346,2.6,6,0.5,0.0
ISIC_0003462,0.0,6,0.5,1.0
ISIC_0003539,2.6,6,1.0,0.0
ISIC_0003559,2.6,5,0.5,0.0
ISIC_0003582,2.6,5,1.0,1.0
ISIC_0003657,0.0,6,0.0,0.0
ISIC_0003728,0.0,4,0.0,5.0
ISIC_0003805,0.0,6,0.5,0.0
ISIC_0004110,2.6,6,0.5,0.0
ISIC_0004115,2.6,6,0.0,0.0
ISIC_0004168,0.0,6,0.5,0.0
ISIC_0004309,0.0,6,0.0,0.0
ISIC_0004337,0.0,6,0.5,0.0
ISIC_0004346,0.0,6,0.0,0.0
ISIC_0004715,0.0,6,0.0,0.0
ISIC_0004985,2.6,6,0.0,0.0
ISIC_0005000,0.0,6,0.5,0.0
ISIC_0005187,2.6,6,0.5,0.0
ISIC_0005247,2.6,5,0.5,1.0
ISIC_0005548,2.6,6,0.5,0.0
ISIC_0005555,0.0,6,0.5,0.0
ISIC_0005620,0.0,6,0.5,0.0
ISIC_0005639,0.0,6,0.5,0.0
ISIC_0005666,2.6,6,0.5,0.0
ISIC_0005787,0.0,6,0.0,0.0
ISIC_0006021,2.6,6,0.0,0.0
ISIC_0006114,2.6,5,0.5,8.0
ISIC_0006193,0.0,6,0.5,0.0
ISIC_0006350,2.6,6,0.0,0.0
ISIC_0006612,0.0,6,0.5,0.0
ISIC_0006651,1.3,6,0.0,0.0
ISIC_0006671,0.0,5,0.5,0.0
ISIC_0006711,2.6,6,0.5,0.0
ISIC_0006776,0.0,5,0.5,3.0
ISIC_0006795,0.0,6,1.0,0.0
ISIC_0006800,0.0,6,0.5,3.0
ISIC_0006815,2.6,6,0.5,0.0
ISIC_0006914,0.0,5,0.5,0.0
ISIC_0006940,0.0,6,0.0,1.0
ISIC_0006982,2.6,6,0.5,0.0
ISIC_0007038,0.0,6,0.0,0.0
ISIC_0007087,2.6,6,0.0,0.0
ISIC_0007141,0.0,6,0.5,2.0
ISIC_0007156,0.0,6,0.5,0.0
ISIC_0007241,2.6,6,0.0,0.0
ISIC_0007322,2.6,6,0.5,5.0
ISIC_0007332,0.0,6,0.5,6.0
ISIC_0007344,1.3,6,0.5,4.0
ISIC_0007475,0.0,5,0.5,0.0
ISIC_0007528,2.6,6,0.0,0.0
ISIC_0007557,2.6,6,0.5,4.0
ISIC_0007693,2.6,6,0.0,0.0
ISIC_0007760,0.0,6,0.0,7.0
ISIC_0007788,0.0,6,0.5,0.0
ISIC_0007796,0.0,6,0.5,0.0
ISIC_0008029,2.6,6,0.5,7.0
ISIC_0008116,2.6,5,0.0,0.0
ISIC_0008145,2.6,6,0.0,0.0
ISIC_0008207,2.6,6,0.0,5.0
ISIC_0008236,2.6,6,0.0,0.0
ISIC_0008256,2.6,6,0.0,0.0
ISIC_0008280,0.0,6,0.0,0.0
ISIC_0008294,2.6,6,0.5,0.0
ISIC_0008347,0.0,6,0.0,0.0
ISIC_0008396,0.0,5,0.5,0.0
ISIC_0008403,0.0,6,0.0,7.0
ISIC_0008406,2.6,6,0.5,0.0
ISIC_0008507,0.0,6,0.5,0.0
ISIC_0008524,2.6,6,0.0,0.0
ISIC_0008528,2.6,6,0.0,0.0
ISIC_0008541,0.0,6,0.5,0.0
ISIC_0008552,1.3,6,0.0,0.0
ISIC_0008600,2.6,6,0.0,0.0
ISIC_0008626,2.6,6,0.0,0.0
ISIC_0008659,0.0,6,0.0,0.0
ISIC_0008785,0.0,6,0.0,6.0
ISIC_0008807,0.0,6,1.0,0.0
ISIC_0008879,0.0,6,0.5,0.0
ISIC_0008913,0.0,6,0.5,0.0
ISIC_0008992,1.3,4,0.0,8.0
ISIC_0008993,0.0,6,0.0,3.0
ISIC_0008998,2.6,6,1.0,0.0
ISIC_0009035,0.0,5,0.0,0.0
ISIC_0009078,0.0,6,1.0,0.0
ISIC_0009083,2.6,6,0.0,0.0
ISIC_0009160,0.0,6,0.5,6.0
ISIC_0009165,0.0,6,0.5,0.0
ISIC_0009188,2.6,6,0.0,0.0
ISIC_0009201,0.0,6,0.5,2.0
ISIC_0009252,0.0,6,0.0,0.0
ISIC_0009297,0.0,6,0.5,0.0
ISIC_0009298,0.0,6,0.0,1.0
ISIC_0009344,2.6,6,0.5,0.0
ISIC_0009430,2.6,6,0.5,0.0
ISIC_0009504,2.6,6,0.5,0.0
ISIC_0009533,2.6,6,0.0,0.0
ISIC_0009564,0.0,6,0.0,0.0
ISIC_0009583,2.6,6,0.0,0.0
ISIC_0009599,2.6,6,0.0,0.0
ISIC_0009758,2.6,6,0.5,0.0
ISIC_0009800,0.0,6,1.0,2.0
ISIC_0009860,2.6,5,0.5,0.0
ISIC_0009868,2.6,6,0.0,0.0
ISIC_0009869,0.0,6,1.0,0.0
ISIC_0009873,2.6,6,0.0,5.0
ISIC_0009874,2.6,6,0.5,0.0
ISIC_0009875,2.6,5,1.0,2.0
ISIC_0009877,0.0,4,0.0,0.0
ISIC_0009879,2.6,5,0.5,0.0
ISIC_0009880,0.0,5,0.5,0.0
ISIC_0009881,0.0,6,0.5,0.0
ISIC_0009883,1.3,5,1.0,0.0
ISIC_0009884,0.0,5,1.0,0.0
ISIC_0009885,0.0,5,1.0,3.0
ISIC_0009888,2.6,6,0.5,0.0
ISIC_0009889,2.6,6,0.5,0.0
ISIC_0009891,2.6,6,0.5,0.0
ISIC_0009895,1.3,6,1.0,0.0
ISIC_0009896,2.6,6,0.5,0.0
ISIC_0009897,1.3,6,0.5,0.0
ISIC_0009898,2.6,5,0.5,0.0
ISIC_0009899,2.6,5,0.0,0.0
ISIC_0009901,0.0,6,0.5,0.0
ISIC_0009902,0.0,6,0.5,0.0
ISIC_0009904,0.0,6,0.0,0.0
ISIC_0009906,0.0,6,0.0,0.0
ISIC_0009909,0.0,6,0.5,0.0
ISIC_0009910,0.0,6,0.5,0.0
ISIC_0009914,2.6,6,1.0,0.0
ISIC_0009915,2.6,5,0.5,4.0
ISIC_0009917,2.6,6,0.0,0.0
ISIC_0009918,1.3,6,0.5,5.0
ISIC_0009919,1.3,6,0.0,0.0
ISIC_0009920,0.0,6,0.0,3.0
ISIC_0009921,1.3,6,0.0,2.0
ISIC_0009923,2.6,6,0.5,2.0
ISIC_0009925,0.0,6,0.5,0.0
ISIC_0009927,0.0,5,0.5,0.0
ISIC_0009928,0.0,5,0.0,2.0
ISIC_0009929,2.6,5,0.5,0.0
ISIC_0009930,0.0,6,0.5,3.0
ISIC_0009931,0.0,6,0.5,0.0
ISIC_0009932,1.3,5,0.5,0.0
ISIC_0009933,0.0,5,0.5,0.0
ISIC_0009934,0.0,5,0.0,0.0
ISIC_0009935,0.0,6,0.5,3.0
ISIC_0009936,0.0,5,1.5,0.0
ISIC_0009937,2.6,6,1.0,1.0
ISIC_0009938,0.0,6,0.5,0.0
ISIC_0009939,1.3,6,0.5,3.0
ISIC_0009940,2.6,6,1.0,0.0
ISIC_0009941,0.0,6,0.5,0.0
ISIC_0009942,0.0,6,0.0,8.0
ISIC_0009943,2.6,6,0.5,0.0
ISIC_0009944,2.6,5,0.5,8.0
ISIC_0009945,0.0,5,0.0,8.0
ISIC_0009946,0.0,6,0.5,0.0
ISIC_0009947,2.6,6,1.0,0.0
ISIC_0009948,0.0,6,0.5,8.0
ISIC_0009949,0.0,6,0.5,0.0
ISIC_0009950,0.0,6,0.5,2.0
ISIC_0009951,0.0,5,0.0,0.0
ISIC_0009953,2.6,6,0.5,8.0
ISIC_0009954,1.3,6,0.5,0.0
ISIC_0009955,1.3,5,0.0,0.0
ISIC_0009956,0.0,6,1.0,0.0
ISIC_0009958,0.0,6,0.5,1.0
ISIC_0009960,2.6,6,0.5,3.0
ISIC_0009961,0.0,5,0.5,2.0
ISIC_0009962,2.6,6,0.5,0.0
ISIC_0009964,1.3,6,0.0,0.0
ISIC_0009965,2.6,5,0.0,2.0
ISIC_0009966,0.0,6,0.5,1.0
ISIC_0009967,0.0,5,0.5,7.0
ISIC_0009969,0.0,6,0.5,2.0
ISIC_0009970,0.0,6,1.0,0.0
ISIC_0009971,1.3,6,0.0,0.0
ISIC_0009972,0.0,5,0.5,1.0
ISIC_0009973,0.0,6,0.5,0.0
ISIC_0009974,0.0,6,0.5,4.0
ISIC_0009975,1.3,5,0.5,0.0
ISIC_0009976,0.0,6,0.0,0.0
ISIC_0009977,0.0,6,0.5,0.0
ISIC_0009978,0.0,4,0.0,7.0
ISIC_0009979,1.3,6,0.5,8.0
ISIC_0009980,0.0,6,1.0,2.0
ISIC_0009981,1.3,6,0.5,3.0
ISIC_0009982,0.0,6,0.0,0.0
ISIC_0009987,2.6,6,0.5,0.0
ISIC_0009988,0.0,6,0.0,0.0
ISIC_0009990,0.0,5,0.5,0.0
ISIC_0009991,2.6,6,0.5,3.0
ISIC_0009992,1.3,5,1.0,8.0
ISIC_0009993,1.3,6,0.5,0.0
ISIC_0009994,2.6,5,0.5,2.0
ISIC_0009995,0.0,6,0.5,0.0
ISIC_0009998,0.0,6,1.5,0.0
ISIC_0010000,1.3,5,1.0,0.0
ISIC_0010002,2.6,6,0.0,0.0
ISIC_0010003,0.0,5,0.5,5.0
ISIC_0010005,2.6,5,0.5,2.0
ISIC_0010006,2.6,6,0.5,8.0
ISIC_0010009,2.6,6,0.5,0.0
ISIC_0010010,1.3,6,0.5,0.0
ISIC_0010011,2.6,5,0.0,2.0
ISIC_0010013,0.0,5,1.0,6.0
ISIC_0010014,1.3,6,0.5,7.0
ISIC_0010015,2.6,6,0.5,0.0
ISIC_0010016,2.6,6,1.0,0.0
ISIC_0010017,0.0,6,0.5,5.0
ISIC_0010018,0.0,6,1.0,0.0
ISIC_0010019,2.6,6,0.5,0.0
ISIC_0010020,0.0,6,0.5,0.0
ISIC_0010021,0.0,6,0.0,0.0
ISIC_0010022,0.0,6,0.5,0.0
ISIC_0010023,2.6,5,1.0,0.0
ISIC_0010024,2.6,6,1.0,0.0
ISIC_0010025,2.6,6,0.0,8.0
ISIC_0010028,0.0,6,0.5,0.0
ISIC_0010029,2.6,6,0.0,2.0
ISIC_0010032,1.3,6,0.5,1.0
ISIC_0010034,0.0,6,0.5,0.0
ISIC_0010036,2.6,6,0.0,0.0
ISIC_0010037,0.0,5,0.0,0.0
ISIC_0010038,0.0,6,0.0,0.0
ISIC_0010041,1.3,5,1.0,0.0
ISIC_0010042,0.0,5,0.0,0.0
ISIC_0010043,2.6,5,0.0,0.0
ISIC_0010044,0.0,6,0.5,0.0
ISIC_0010046,2.6,6,0.0,0.0
ISIC_0010047,2.6,5,0.0,0.0
ISIC_0010053,0.0,6,0.5,0.0
ISIC_0010054,2.6,5,0.0,0.0
ISIC_0010055,2.6,6,0.5,0.0
ISIC_0010056,0.0,5,1.0,0.0
ISIC_0010057,1.3,6,0.5,0.0
ISIC_0010058,0.0,6,0.5,0.0
ISIC_0010059,0.0,6,0.0,1.0
ISIC_0010060,2.6,6,0.0,0.0
ISIC_0010061,2.6,6,0.5,0.0
ISIC_0010062,0.0,6,0.5,3.0
ISIC_0010063,0.0,6,1.0,0.0
ISIC_0010064,2.6,4,0.0,0.0
ISIC_0010066,2.6,6,1.0,0.0
ISIC_0010067,2.6,5,0.0,3.0
ISIC_0010069,2.6,6,0.5,0.0
ISIC_0010070,2.6,6,1.0,0.0
ISIC_0010071,0.0,5,0.5,1.0
ISIC_0010073,2.6,6,0.0,0.0
ISIC_0010074,1.3,6,0.5,0.0
ISIC_0010075,0.0,6,0.5,1.0
ISIC_0010077,0.0,6,0.5,0.0
ISIC_0010078,1.3,6,0.5,2.0
ISIC_0010081,0.0,5,0.0,0.0
ISIC_0010086,2.6,6,0.5,0.0
ISIC_0010088,0.0,6,0.5,0.0
ISIC_0010089,0.0,6,1.0,0.0
ISIC_0010090,0.0,6,0.5,0.0
ISIC_0010092,0.0,5,1.0,3.0
ISIC_0010093,2.6,5,0.5,0.0
ISIC_0010094,2.6,6,0.0,4.0
ISIC_0010100,2.6,5,0.5,0.0
ISIC_0010102,1.3,5,0.0,2.0
ISIC_0010104,2.6,6,0.5,4.0
ISIC_0010105,0.0,5,0.5,7.0
ISIC_0010168,1.3,6,0.5,4.0
ISIC_0010169,0.0,6,0.0,0.0
ISIC_0010171,2.6,5,1.0,0.0
ISIC_0010173,0.0,4,1.0,8.0
ISIC_0010174,1.3,5,1.0,8.0
ISIC_0010175,0.0,6,1.0,0.0
ISIC_0010176,0.0,6,1.0,8.0
ISIC_0010177,2.6,6,0.5,0.0
ISIC_0010178,0.0,6,0.5,0.0
ISIC_0010180,0.0,6,0.5,3.0
ISIC_0010182,2.6,6,0.5,0.0
ISIC_0010183,0.0,6,0.5,1.0
ISIC_0010184,2.6,6,0.0,0.0
ISIC_0010185,1.3,6,0.5,0.0
ISIC_0010186,2.6,5,1.0,0.0
ISIC_0010187,1.3,6,0.5,0.0
ISIC_0010189,0.0,5,0.5,0.0
ISIC_0010190,0.0,5,0.5,1.0
ISIC_0010191,2.6,6,0.5,0.0
ISIC_0010192,0.0,6,0.5,7.0
ISIC_0010194,0.0,5,0.5,0.0
ISIC_0010201,1.3,6,0.5,0.0
ISIC_0010202,2.6,6,1.0,0.0
ISIC_0010204,0.0,5,0.5,0.0
ISIC_0010205,0.0,6,0.5,8.0
ISIC_0010206,2.6,6,0.5,0.0
ISIC_0010207,2.6,6,0.0,8.0
ISIC_0010212,2.6,6,0.5,3.0
ISIC_0010213,0.0,5,0.5,2.0
ISIC_0010215,2.6,6,0.5,0.0
ISIC_0010216,0.0,6,0.0,8.0
ISIC_0010219,0.0,6,0.5,1.0
ISIC_0010220,0.0,6,1.0,5.0
ISIC_0010222,0.0,5,0.5,5.0
ISIC_0010225,1.3,6,0.5,0.0
ISIC_0010226,0.0,6,0.0,0.0
ISIC_0010227,2.6,6,0.0,0.0
ISIC_0010228,0.0,5,0.5,7.0
ISIC_0010229,0.0,6,0.5,0.0
ISIC_0010231,2.6,6,0.0,0.0
ISIC_0010232,0.0,5,0.0,5.0
ISIC_0010233,0.0,6,1.0,2.0
ISIC_0010234,0.0,6,1.0,0.0
ISIC_0010235,0.0,4,0.5,0.0
ISIC_0010236,2.6,6,0.5,2.0
ISIC_0010237,0.0,6,0.0,0.0
ISIC_0010238,0.0,6,0.5,0.0
ISIC_0010239,1.3,5,0.5,0.0
ISIC_0010240,2.6,6,0.5,6.0
ISIC_0010241,0.0,5,0.0,0.0
ISIC_0010244,0.0,5,1.0,0.0
ISIC_0010247,2.6,6,0.5,0.0
ISIC_0010248,0.0,6,0.5,0.0
ISIC_0010249,0.0,5,0.5,0.0
ISIC_0010251,0.0,6,0.5,0.0
ISIC_0010252,2.6,6,0.5,0.0
ISIC_0010255,0.0,6,0.5,0.0
ISIC_0010256,0.0,6,1.0,0.0
ISIC_0010257,0.0,5,0.0,0.0
ISIC_0010262,0.0,6,0.5,3.0
ISIC_0010263,1.3,6,0.0,8.0
ISIC_0010264,0.0,6,0.0,0.0
ISIC_0010265,2.6,6,0.5,0.0
ISIC_0010267,2.6,5,0.5,0.0
ISIC_0010317,0.0,4,0.5,0.0
ISIC_0010318,2.6,6,0.5,0.0
ISIC_0010319,2.6,6,0.0,0.0
ISIC_0010320,1.3,4,0.0,4.0
ISIC_0010321,1.3,5,0.5,0.0
ISIC_0010322,1.3,6,0.5,1.0
ISIC_0010323,0.0,6,0.0,0.0
ISIC_0010326,2.6,6,0.0,0.0
ISIC_0010327,0.0,6,0.5,0.0
ISIC_0010329,1.3,5,1.5,0.0
ISIC_0010330,2.6,6,0.0,2.0
ISIC_0010332,2.6,5,0.0,2.0
ISIC_0010333,2.6,6,0.5,0.0
ISIC_0010334,2.6,6,1.0,0.0
ISIC_0010335,0.0,6,0.5,6.0
ISIC_0010336,0.0,6,0.5,4.0
ISIC_0010337,1.3,6,0.5,0.0
ISIC_0010339,2.6,6,0.5,0.0
ISIC_0010340,2.6,6,0.5,2.0
ISIC_0010341,2.6,5,0.5,8.0
ISIC_0010342,2.6,6,0.5,0.0
ISIC_0010344,2.6,6,0.5,0.0
ISIC_0010346,0.0,5,0.0,0.0
ISIC_0010347,2.6,5,0.0,0.0
ISIC_0010348,1.3,5,0.5,0.0
ISIC_0010349,0.0,6,1.0,7.0
ISIC_0010350,0.0,6,1.0,0.0
ISIC_0010351,2.6,6,0.0,3.0
ISIC_0010356,0.0,6,0.0,0.0
ISIC_0010357,1.3,6,0.0,8.0
ISIC_0010358,0.0,5,0.0,5.0
ISIC_0010360,2.6,6,0.5,4.0
ISIC_0010361,0.0,5,0.0,8.0
ISIC_0010362,2.6,6,0.5,0.0
ISIC_0010364,2.6,5,0.0,3.0
ISIC_0010365,2.6,6,0.5,0.0
ISIC_0010367,0.0,6,0.5,3.0
ISIC_0010368,2.6,6,0.5,0.0
ISIC_0010370,0.0,5,0.0,8.0
ISIC_0010372,2.6,5,0.5,2.0
ISIC_0010374,0.0,6,1.0,3.0
ISIC_0010379,0.0,5,0.0,4.0
ISIC_0010380,2.6,6,0.0,0.0
ISIC_0010382,0.0,5,0.5,0.0
ISIC_0010435,2.6,4,0.0,0.0
ISIC_0010439,0.0,5,0.0,0.0
ISIC_0010441,0.0,5,0.5,0.0
ISIC_0010442,0.0,5,0.5,2.0
ISIC_0010443,0.0,5,0.5,0.0
ISIC_0010444,2.6,5,1.0,0.0
ISIC_0010445,2.6,6,0.0,3.0
ISIC_0010447,2.6,5,0.0,8.0
ISIC_0010448,0.0,6,0.0,0.0
ISIC_0010449,2.6,6,0.0,6.0
ISIC_0010452,0.0,6,0.5,5.0
ISIC_0010455,2.6,5,0.5,2.0
ISIC_0010456,0.0,5,0.0,0.0
ISIC_0010457,0.0,6,0.0,1.0
ISIC_0010458,2.6,5,0.0,1.0
ISIC_0010459,2.6,5,0.0,0.0
ISIC_0010461,2.6,6,0.5,3.0
ISIC_0010462,0.0,5,0.5,3.0
ISIC_0010463,2.6,5,0.5,2.0
ISIC_0010465,2.6,6,0.5,3.0
ISIC_0010466,0.0,5,0.0,0.0
ISIC_0010467,0.0,6,0.0,0.0
ISIC_0010468,0.0,6,0.5,0.0
ISIC_0010472,1.3,5,1.0,5.0
ISIC_0010473,2.6,5,0.0,0.0
ISIC_0010474,2.6,6,0.5,6.0
ISIC_0010475,2.6,6,0.5,0.0
ISIC_0010476,0.0,6,0.5,0.0
ISIC_0010477,0.0,6,0.5,0.0
ISIC_0010479,2.6,5,0.5,0.0
ISIC_0010480,0.0,5,1.0,0.0
ISIC_0010481,0.0,5,0.5,0.0
ISIC_0010483,2.6,6,0.0,3.0
ISIC_0010487,0.0,6,0.0,3.0
ISIC_0010488,0.0,6,0.5,0.0
ISIC_0010490,0.0,6,0.5,0.0
ISIC_0010492,0.0,6,0.5,7.0
ISIC_0010493,0.0,5,1.5,2.0
ISIC_0010494,2.6,6,0.5,8.0
ISIC_0010496,2.6,5,0.5,1.0
ISIC_0010497,0.0,5,0.5,2.0
ISIC_0010498,0.0,5,0.0,0.0
ISIC_0010552,1.3,6,1.0,5.0
ISIC_0010553,2.6,5,0.5,7.0
ISIC_0010554,2.6,6,0.5,0.0
ISIC_0010557,0.0,5,0.5,0.0
ISIC_0010558,1.3,6,0.5,0.0
ISIC_0010562,0.0,6,0.0,3.0
ISIC_0010565,0.0,5,0.0,0.0
ISIC_0010566,0.0,6,0.0,0.0
ISIC_0010567,0.0,5,0.5,0.0
ISIC_0010568,1.3,6,0.5,0.0
ISIC_0010569,2.6,6,0.0,0.0
ISIC_0010570,2.6,5,1.0,3.0
ISIC_0010571,0.0,6,0.5,0.0
ISIC_0010572,0.0,6,0.0,0.0
ISIC_0010573,2.6,6,0.5,0.0
ISIC_0010574,0.0,6,0.5,0.0
ISIC_0010576,2.6,5,0.5,0.0
ISIC_0010581,2.6,6,0.5,2.0
ISIC_0010584,2.6,6,0.5,3.0
ISIC_0010585,0.0,6,0.0,1.0
ISIC_0010587,2.6,6,0.5,0.0
ISIC_0010588,0.0,6,0.5,5.0
ISIC_0010589,1.3,5,0.5,0.0
ISIC_0010590,2.6,6,0.0,0.0
ISIC_0010591,0.0,6,0.5,0.0
ISIC_0010592,2.6,6,0.5,0.0
ISIC_0010593,0.0,6,0.5,0.0
ISIC_0010595,0.0,6,0.5,8.0
ISIC_0010596,1.3,6,0.5,7.0
ISIC_0010597,1.3,6,1.0,0.0
ISIC_0010598,0.0,6,1.0,5.0
ISIC_0010599,2.6,6,1.0,0.0
ISIC_0010602,2.6,6,1.0,7.0
ISIC_0010603,2.6,6,0.0,0.0
ISIC_0010604,0.0,6,0.5,1.0
ISIC_0010605,0.0,4,0.5,1.0
ISIC_0010606,0.0,6,1.0,1.0
ISIC_0010607,1.3,6,0.0,0.0
ISIC_0010844,0.0,6,0.5,7.0
ISIC_0010846,0.0,6,0.5,6.0
ISIC_0010847,0.0,5,0.5,8.0
ISIC_0010848,0.0,4,0.0,5.0
ISIC_0010849,0.0,6,0.5,0.0
ISIC_0010850,0.0,5,0.5,0.0
ISIC_0010851,2.6,6,0.0,1.0
ISIC_0010852,1.3,6,0.0,0.0
ISIC_0010853,2.6,5,0.5,3.0
ISIC_0010854,2.6,5,0.0,1.0
ISIC_0010856,1.3,6,0.0,0.0
ISIC_0010857,0.0,6,0.5,2.0
ISIC_0010858,0.0,5,0.0,0.0
ISIC_0010860,2.6,6,0.5,0.0
ISIC_0010861,1.3,6,0.5,8.0
ISIC_0010862,0.0,4,0.0,1.0
ISIC_0010863,1.3,6,0.5,0.0
ISIC_0010864,2.6,6,0.5,8.0
ISIC_0011079,2.6,6,1.5,0.0
ISIC_0011081,0.0,5,0.0,8.0
ISIC_0011082,2.6,5,0.5,5.0
ISIC_0011083,0.0,6,0.5,3.0
ISIC_0011084,2.6,6,0.5,3.0
ISIC_0011085,0.0,5,0.5,0.0
ISIC_0011088,2.6,6,0.0,0.0
ISIC_0011089,0.0,6,0.0,0.0
ISIC_0011090,0.0,5,0.5,0.0
ISIC_0011092,0.0,6,0.5,8.0
ISIC_0011095,2.6,5,1.0,8.0
ISIC_0011097,2.6,5,0.5,0.0
ISIC_0011098,2.6,5,0.5,3.0
ISIC_0011099,2.6,5,0.5,4.0
ISIC_0011101,0.0,5,0.5,0.0
ISIC_0011102,0.0,6,1.0,2.0
ISIC_0011104,1.3,6,0.5,0.0
ISIC_0011105,2.6,5,1.0,0.0
ISIC_0011107,0.0,6,1.0,0.0
ISIC_0011109,0.0,5,0.0,0.0
ISIC_0011110,0.0,6,1.0,0.0
ISIC_0011112,0.0,6,0.5,2.0
ISIC_0011114,0.0,5,0.5,6.0
ISIC_0011115,0.0,6,0.5,4.0
ISIC_0011117,2.6,5,0.0,0.0
ISIC_0011118,2.6,6,0.0,0.0
ISIC_0011119,2.6,6,0.5,0.0
ISIC_0011120,0.0,5,0.0,1.0
ISIC_0011121,0.0,6,0.5,0.0
ISIC_0011123,1.3,6,0.5,0.0
ISIC_0011124,1.3,6,0.5,0.0
ISIC_0011127,2.6,5,0.5,3.0
ISIC_0011128,1.3,5,0.0,0.0
ISIC_0011129,2.6,5,0.5,3.0
ISIC_0011130,2.6,6,0.5,0.0
ISIC_0011131,2.6,6,0.5,0.0
ISIC_0011132,0.0,6,0.5,3.0
ISIC_0011135,2.6,5,0.5,6.0
ISIC_0011137,2.6,6,0.5,0.0
ISIC_0011139,0.0,6,0.5,0.0
ISIC_0011140,2.6,6,0.0,0.0
ISIC_0011143,1.3,6,0.5,1.0
ISIC_0011144,2.6,5,0.5,8.0
ISIC_0011146,0.0,5,0.5,0.0
ISIC_0011149,2.6,6,0.5,0.0
ISIC_0011150,2.6,6,0.0,8.0
ISIC_0011151,1.3,6,1.0,0.0
ISIC_0011155,2.6,5,1.0,4.0
ISIC_0011156,2.6,6,0.5,0.0
ISIC_0011157,0.0,6,0.5,0.0
ISIC_0011158,0.0,5,0.5,3.0
ISIC_0011159,0.0,4,0.5,8.0
ISIC_0011161,0.0,4,0.5,0.0
ISIC_0011162,2.6,6,0.0,0.0
ISIC_0011163,2.6,6,1.0,0.0
ISIC_0011164,2.6,5,0.5,0.0
ISIC_0011165,0.0,6,0.5,0.0
ISIC_0011166,2.6,5,0.5,5.0
ISIC_0011167,0.0,6,0.5,0.0
ISIC_0011168,1.3,6,1.0,0.0
ISIC_0011169,2.6,6,0.5,0.0
ISIC_0011170,0.0,6,0.5,3.0
ISIC_0011171,2.6,6,0.0,0.0
ISIC_0011173,2.6,5,0.5,0.0
ISIC_0011176,0.0,6,1.0,0.0
ISIC_0011177,0.0,6,0.5,0.0
ISIC_0011199,0.0,5,0.0,5.0
ISIC_0011202,0.0,6,0.5,5.0
ISIC_0011203,0.0,6,0.5,2.0
ISIC_0011204,0.0,6,1.0,0.0
ISIC_0011205,0.0,6,1.0,0.0
ISIC_0011207,1.3,6,0.5,0.0
ISIC_0011208,2.6,6,1.0,3.0
ISIC_0011210,0.0,6,1.0,8.0
ISIC_0011211,1.3,6,0.0,1.0
ISIC_0011212,2.6,6,0.5,2.0
ISIC_0011213,0.0,5,1.0,7.0
ISIC_0011214,2.6,6,1.0,0.0
ISIC_0011218,0.0,6,0.0,7.0
ISIC_0011219,2.6,5,0.5,3.0
ISIC_0011220,1.3,6,0.5,0.0
ISIC_0011223,2.6,6,0.5,0.0
ISIC_0011224,2.6,5,0.5,3.0
ISIC_0011225,2.6,6,0.5,0.0
ISIC_0011227,0.0,6,0.0,0.0
ISIC_0011228,2.6,5,0.0,8.0
ISIC_0011229,2.6,6,1.0,2.0
ISIC_0011230,2.6,6,0.5,0.0
ISIC_0011292,2.6,6,0.5,0.0
ISIC_0011294,2.6,6,0.5,3.0
ISIC_0011295,0.0,6,0.5,0.0
ISIC_0011296,1.3,6,0.5,0.0
ISIC_0011297,2.6,6,0.5,3.0
ISIC_0011298,2.6,6,1.0,0.0
ISIC_0011300,0.0,5,1.0,7.0
ISIC_0011301,0.0,5,0.5,4.0
ISIC_0011303,0.0,6,0.5,4.0
ISIC_0011304,0.0,6,1.0,1.0
ISIC_0011305,2.6,6,0.0,3.0
ISIC_0011306,2.6,6,0.5,0.0
ISIC_0011315,0.0,6,0.5,0.0
ISIC_0011317,1.3,5,0.0,0.0
ISIC_0011322,2.6,5,0.0,0.0
ISIC_0011323,2.6,6,0.5,0.0
ISIC_0011324,0.0,5,0.5,0.0
ISIC_0011326,2.6,5,0.5,2.0
ISIC_0011327,0.0,5,0.0,8.0
ISIC_0011328,0.0,6,0.5,0.0
ISIC_0011329,0.0,6,0.0,0.0
ISIC_0011330,0.0,6,1.0,8.0
ISIC_0011333,1.3,5,0.5,0.0
ISIC_0011334,0.0,4,0.5,2.0
ISIC_0011336,0.0,5,0.5,0.0
ISIC_0011338,2.6,6,1.0,3.0
ISIC_0011339,2.6,6,0.5,8.0
ISIC_0011341,0.0,6,0.0,1.0
ISIC_0011343,2.6,6,1.0,0.0
ISIC_0011344,2.6,5,0.5,8.0
ISIC_0011345,2.6,4,0.5,4.0
ISIC_0011347,1.3,6,0.5,0.0
ISIC_0011348,0.0,5,0.5,0.0
ISIC_0011349,1.3,5,0.5,2.0
ISIC_0011352,2.6,6,0.5,0.0
ISIC_0011353,0.0,5,0.5,0.0
ISIC_0011356,0.0,6,0.5,0.0
ISIC_0011357,0.0,6,0.0,7.0
ISIC_0011358,2.6,6,1.0,2.0
ISIC_0011359,2.6,6,0.5,1.0
ISIC_0011360,0.0,6,0.5,6.0
ISIC_0011361,2.6,6,0.5,8.0
ISIC_0011362,2.6,6,0.5,0.0
ISIC_0011363,0.0,6,0.5,2.0
ISIC_0011366,0.0,6,0.5,0.0
ISIC_0011367,0.0,6,0.5,0.0
ISIC_0011372,0.0,5,0.5,8.0
ISIC_0011373,2.6,6,1.0,0.0
ISIC_0011374,0.0,6,0.0,3.0
ISIC_0011378,2.6,6,0.5,2.0
ISIC_0011382,1.3,5,0.5,0.0
ISIC_0011383,0.0,6,0.0,0.0
ISIC_0011384,0.0,6,1.0,6.0
ISIC_0011385,2.6,6,0.5,6.0
ISIC_0011386,0.0,6,0.5,7.0
ISIC_0011387,1.3,6,0.5,0.0
ISIC_0011390,2.6,6,0.5,0.0
ISIC_0011393,2.6,6,0.0,6.0
ISIC_0011397,1.3,5,0.5,3.0
ISIC_0011398,0.0,6,0.5,2.0
ISIC_0011402,2.6,6,0.5,0.0
ISIC_0012086,2.6,5,0.0,4.0
ISIC_0012089,2.6,5,0.0,0.0
ISIC_0012090,2.6,6,0.0,0.0
ISIC_0012092,2.6,5,0.5,0.0
ISIC_0012094,0.0,6,0.5,0.0
ISIC_0012095,0.0,5,0.5,4.0
ISIC_0012097,2.6,6,0.5,0.0
ISIC_0012099,2.6,5,1.5,0.0
ISIC_0012102,2.6,6,0.0,0.0
ISIC_0012105,0.0,6,0.5,6.0
ISIC_0012107,2.6,6,0.5,2.0
ISIC_0012108,1.3,6,0.5,7.0
ISIC_0012109,2.6,5,0.5,0.0
ISIC_0012116,2.6,5,0.0,8.0
ISIC_0012118,1.3,6,0.5,0.0
ISIC_0012126,2.6,6,0.5,0.0
ISIC_0012127,2.6,5,0.0,6.0
ISIC_0012134,0.0,5,0.0,3.0
ISIC_0012135,0.0,6,1.0,0.0
ISIC_0012136,2.6,4,0.0,8.0
ISIC_0012137,2.6,6,0.5,0.0
ISIC_0012143,1.3,6,0.0,7.0
ISIC_0012147,1.3,6,0.5,0.0
ISIC_0012148,2.6,6,0.5,8.0
ISIC_0012149,0.0,5,0.0,8.0
ISIC_0012151,2.6,6,0.5,5.0
ISIC_0012155,0.0,5,0.0,0.0
ISIC_0012156,0.0,6,0.5,0.0
ISIC_0012159,1.3,5,0.0,0.0
ISIC_0012160,2.6,6,1.0,0.0
ISIC_0012164,2.6,6,0.5,0.0
ISIC_0012167,2.6,5,0.0,8.0
ISIC_0012173,0.0,5,0.0,0.0
ISIC_0012177,2.6,6,0.5,3.0
ISIC_0012178,2.6,5,0.0,5.0
ISIC_0012179,2.6,6,0.5,0.0
ISIC_0012182,0.0,6,0.0,0.0
ISIC_0012187,1.3,6,1.0,6.0
ISIC_0012191,2.6,6,0.5,0.0
ISIC_0012201,2.6,6,0.5,0.0
ISIC_0012203,1.3,5,1.0,6.0
ISIC_0012204,1.3,4,0.0,0.0
ISIC_0012205,2.6,6,0.5,0.0
ISIC_0012206,0.0,6,0.5,1.0
ISIC_0012207,0.0,6,0.0,5.0
ISIC_0012208,0.0,6,0.0,0.0
ISIC_0012210,2.6,5,0.0,0.0
ISIC_0012211,1.3,6,0.5,0.0
ISIC_0012212,2.6,6,0.0,0.0
ISIC_0012213,0.0,6,0.0,0.0
ISIC_0012216,0.0,4,0.0,3.0
ISIC_0012221,0.0,5,0.0,1.0
ISIC_0012222,1.3,6,0.5,3.0
ISIC_0012223,0.0,5,0.0,2.0
ISIC_0012224,0.0,5,0.0,3.0
ISIC_0012227,0.0,6,0.0,3.0
ISIC_0012228,2.6,6,0.0,0.0
ISIC_0012230,0.0,6,1.0,0.0
ISIC_0012232,2.6,6,0.5,0.0
ISIC_0012233,0.0,6,1.0,0.0
ISIC_0012235,0.0,6,0.0,0.0
ISIC_0012238,0.0,5,0.0,0.0
ISIC_0012245,0.0,6,0.0,0.0
ISIC_0012246,0.0,6,0.0,2.0
ISIC_0012248,0.0,5,0.0,1.0
ISIC_0012250,0.0,6,0.0,0.0
ISIC_0012253,2.6,6,0.0,0.0
ISIC_0012256,2.6,5,0.0,0.0
ISIC_0012257,2.6,6,0.5,0.0
ISIC_0012258,2.6,5,0.0,8.0
ISIC_0012259,2.6,6,0.5,0.0
ISIC_0012260,0.0,6,0.5,0.0
ISIC_0012261,2.6,6,0.0,0.0
ISIC_0012263,2.6,5,0.5,0.0
ISIC_0012266,2.6,4,0.0,0.0
ISIC_0012268,2.6,6,0.5,0.0
ISIC_0012271,0.0,6,0.5,0.0
ISIC_0012272,0.0,6,0.0,4.0
ISIC_0012273,2.6,5,0.0,7.0
ISIC_0012278,2.6,6,0.0,0.0
ISIC_0012281,1.3,6,0.0,0.0
ISIC_0012282,2.6,5,0.0,0.0
ISIC_0012284,2.6,6,0.5,4.0
ISIC_0012285,1.3,5,0.0,0.0
ISIC_0012288,2.6,6,0.5,0.0
ISIC_0012290,1.3,5,0.5,1.0
ISIC_0012298,1.3,6,0.0,0.0
ISIC_0012299,0.0,5,0.0,4.0
ISIC_0012303,0.0,6,1.0,0.0
ISIC_0012306,2.6,6,0.0,0.0
ISIC_0012309,2.6,6,0.5,0.0
ISIC_0012311,2.6,6,0.5,0.0
ISIC_0012313,2.6,6,0.5,0.0
ISIC_0012314,0.0,6,0.0,7.0
ISIC_0012316,0.0,5,1.0,3.0
ISIC_0012318,2.6,6,0.0,0.0
ISIC_0012320,2.6,6,0.5,3.0
ISIC_0012323,0.0,5,0.0,2.0
ISIC_0012324,0.0,5,0.5,8.0
ISIC_0012325,2.6,6,0.0,0.0
ISIC_0012329,0.0,5,0.0,3.0
ISIC_0012330,2.6,4,0.0,5.0
ISIC_0012332,0.0,6,0.5,0.0
ISIC_0012333,1.3,6,0.5,0.0
ISIC_0012334,2.6,6,0.5,0.0
ISIC_0012335,2.6,5,0.0,0.0
ISIC_0012338,1.3,5,0.0,3.0
ISIC_0012342,1.3,4,0.0,7.0
ISIC_0012348,2.6,5,0.0,0.0
ISIC_0012351,1.3,5,0.5,0.0
ISIC_0012356,2.6,5,0.5,0.0
ISIC_0012357,2.6,6,0.5,0.0
ISIC_0012358,2.6,4,0.0,3.0
ISIC_0012360,1.3,6,0.5,0.0
ISIC_0012363,2.6,6,0.0,0.0
ISIC_0012369,0.0,6,0.0,0.0
ISIC_0012372,1.3,4,0.0,0.0
ISIC_0012374,2.6,6,0.5,0.0
ISIC_0012376,2.6,6,1.0,0.0
ISIC_0012378,2.6,6,0.5,0.0
ISIC_0012379,0.0,5,0.0,6.0
ISIC_0012381,0.0,4,0.0,8.0
ISIC_0012382,0.0,6,0.5,2.0
ISIC_0012384,0.0,4,0.0,5.0
ISIC_0012390,2.6,5,0.0,0.0
ISIC_0012391,2.6,6,0.0,0.0
ISIC_0012395,2.6,6,0.5,0.0
ISIC_0012400,2.6,5,0.5,1.0
ISIC_0012406,0.0,6,0.5,0.0
ISIC_0012413,0.0,6,1.0,0.0
ISIC_0012415,2.6,6,0.0,0.0
ISIC_0012417,2.6,6,0.0,0.0
ISIC_0012425,2.6,6,0.0,0.0
ISIC_0012432,0.0,6,0.0,8.0
ISIC_0012434,0.0,6,0.0,0.0
ISIC_0012435,0.0,6,0.0,0.0
ISIC_0012442,0.0,6,1.0,7.0
ISIC_0012445,1.3,6,0.5,0.0
ISIC_0012447,0.0,4,0.0,8.0
ISIC_0012448,2.6,5,0.0,5.0
ISIC_0012450,2.6,5,1.5,5.0
ISIC_0012453,1.3,6,0.5,0.0
ISIC_0012455,0.0,5,0.0,0.0
ISIC_0012464,0.0,5,0.5,8.0
ISIC_0012469,2.6,5,0.0,1.0
ISIC_0012473,2.6,5,0.0,3.0
ISIC_0012475,2.6,3,0.0,0.0
ISIC_0012478,1.3,5,0.0,0.0
ISIC_0012481,0.0,6,1.5,0.0
ISIC_0012484,0.0,5,0.0,7.0
ISIC_0012487,2.6,6,0.0,1.0
ISIC_0012489,1.3,6,0.0,8.0
ISIC_0012493,2.6,6,0.5,3.0
ISIC_0012494,1.3,6,1.0,0.0
ISIC_0012495,2.6,6,0.0,0.0
ISIC_0012496,2.6,6,1.0,1.0
ISIC_0012503,1.3,6,0.5,8.0
ISIC_0012506,0.0,6,0.5,0.0
ISIC_0012508,2.6,6,0.5,3.0
ISIC_0012510,0.0,6,0.5,0.0
ISIC_0012511,1.3,6,1.0,0.0
ISIC_0012512,2.6,6,0.5,0.0
ISIC_0012516,1.3,5,0.0,0.0
ISIC_0012517,0.0,5,0.0,0.0
ISIC_0012518,2.6,5,0.0,0.0
ISIC_0012520,1.3,5,0.5,7.0
ISIC_0012521,1.3,6,0.5,0.0
ISIC_0012523,2.6,4,0.5,3.0
ISIC_0012526,0.0,6,0.0,0.0
ISIC_0012529,0.0,6,0.5,0.0
ISIC_0012538,2.6,6,0.5,3.0
ISIC_0012539,0.0,5,0.5,0.0
ISIC_0012544,0.0,6,1.5,0.0
ISIC_0012547,0.0,4,0.0,7.0
ISIC_0012548,0.0,5,0.0,5.0
ISIC_0012549,1.3,5,0.5,8.0
ISIC_0012550,2.6,6,0.0,0.0
ISIC_0012551,1.3,5,0.0,4.0
ISIC_0012653,0.0,6,0.5,0.0
ISIC_0012654,2.6,6,0.5,0.0
ISIC_0012655,0.0,6,1.0,0.0
ISIC_0012656,1.3,6,0.5,0.0
ISIC_0012657,0.0,6,1.0,5.0
ISIC_0012658,1.3,5,0.5,3.0
ISIC_0012659,0.0,6,0.5,0.0
ISIC_0012660,2.6,6,0.5,5.0
ISIC_0012661,0.0,6,0.0,1.0
ISIC_0012662,2.6,6,0.5,2.0
ISIC_0012663,0.0,5,1.0,7.0
ISIC_0012664,0.0,6,0.5,0.0
ISIC_0012665,0.0,5,0.5,0.0
ISIC_0012666,0.0,5,0.0,3.0
ISIC_0012669,2.6,6,0.5,5.0
ISIC_0012670,2.6,6,0.0,0.0
ISIC_0012671,2.6,5,0.0,0.0
ISIC_0012672,2.6,6,0.5,0.0
ISIC_0012673,2.6,6,0.5,0.0
ISIC_0012674,2.6,4,0.0,0.0
ISIC_0012675,0.0,5,1.0,6.0
ISIC_0012676,0.0,6,0.5,0.0
ISIC_0012677,0.0,6,0.5,0.0
ISIC_0012678,1.3,6,0.0,0.0
ISIC_0012679,0.0,5,0.5,5.0
ISIC_0012680,0.0,6,0.5,3.0
ISIC_0012681,2.6,6,0.5,0.0
ISIC_0012682,0.0,6,0.5,5.0
ISIC_0012683,0.0,6,1.0,5.0
ISIC_0012684,0.0,6,0.5,5.0
ISIC_0012685,0.0,6,0.5,0.0
ISIC_0012690,0.0,5,0.5,0.0
ISIC_0012693,2.6,4,0.0,3.0
ISIC_0012697,2.6,6,0.0,0.0
ISIC_0012699,0.0,6,0.5,5.0
ISIC_0012700,0.0,6,0.5,2.0
ISIC_0012701,1.3,6,0.0,0.0
ISIC_0012702,0.0,6,0.0,7.0
ISIC_0012704,0.0,3,0.0,3.0
ISIC_0012705,2.6,5,0.0,0.0
ISIC_0012706,0.0,5,0.0,0.0
ISIC_0012708,2.6,6,0.0,5.0
ISIC_0012710,0.0,5,0.5,3.0
ISIC_0012711,0.0,6,0.0,0.0
ISIC_0012713,2.6,6,0.0,0.0
ISIC_0012715,2.6,5,0.0,2.0
ISIC_0012719,0.0,5,0.0,0.0
ISIC_0012720,1.3,6,0.0,4.0
ISIC_0012721,2.6,5,0.0,2.0
ISIC_0012722,0.0,6,0.0,0.0
ISIC_0012725,0.0,5,0.5,0.0
ISIC_0012726,0.0,6,0.0,0.0
ISIC_0012735,2.6,6,0.5,0.0
ISIC_0012737,0.0,6,0.0,0.0
ISIC_0012739,0.0,6,0.5,0.0
ISIC_0012740,2.6,6,0.5,0.0
ISIC_0012741,0.0,6,0.5,0.0
ISIC_0012742,2.6,5,0.5,0.0
ISIC_0012744,0.0,5,0.0,0.0
ISIC_0012746,0.0,6,0.0,3.0
ISIC_0012749,1.3,6,1.0,8.0
ISIC_0012756,2.6,6,0.5,0.0
ISIC_0012758,2.6,5,1.5,0.0
ISIC_0012768,0.0,6,0.0,2.0
ISIC_0012770,0.0,5,0.5,0.0
ISIC_0012773,0.0,5,0.0,5.0
ISIC_0012777,0.0,6,0.5,0.0
ISIC_0012786,0.0,4,0.0,4.0
ISIC_0012789,1.3,5,0.0,0.0
ISIC_0012792,2.6,5,0.0,1.0
ISIC_0012793,2.6,6,0.0,0.0
ISIC_0012803,2.6,4,0.0,5.0
ISIC_0012804,2.6,6,1.0,3.0
ISIC_0012806,0.0,5,0.0,2.0
ISIC_0012810,2.6,6,0.5,0.0
ISIC_0012813,0.0,4,0.0,4.0
ISIC_0012814,2.6,6,0.0,3.0
ISIC_0012823,0.0,6,0.5,0.0
ISIC_0012826,0.0,4,0.5,0.0
ISIC_0012828,2.6,4,0.0,7.0
ISIC_0012835,0.0,6,0.5,0.0
ISIC_0012836,2.6,6,0.0,0.0
ISIC_0012837,2.6,5,0.5,4.0
ISIC_0012840,1.3,6,0.0,4.0
ISIC_0012844,2.6,5,0.5,0.0
ISIC_0012852,0.0,5,0.0,0.0
ISIC_0012855,2.6,6,0.5,8.0
ISIC_0012856,1.3,6,0.0,1.0
ISIC_0012865,2.6,6,0.0,0.0
ISIC_0012871,0.0,5,0.5,0.0
ISIC_0012873,2.6,6,0.5,0.0
ISIC_0012876,2.6,6,0.0,0.0
ISIC_0012877,0.0,4,0.0,1.0
ISIC_0012878,0.0,5,0.0,3.0
ISIC_0012879,0.0,5,0.0,0.0
ISIC_0012880,0.0,5,0.0,0.0
ISIC_0012883,0.0,6,0.5,1.0
ISIC_0012884,2.6,6,0.5,0.0
ISIC_0012887,1.3,6,0.5,0.0
ISIC_0012888,0.0,6,0.5,0.0
ISIC_0012889,1.3,6,0.0,3.0
ISIC_0012891,2.6,6,0.5,0.0
ISIC_0012897,1.3,6,0.5,0.0
ISIC_0012898,0.0,3,0.0,3.0
ISIC_0012901,0.0,6,0.5,0.0
ISIC_0012902,0.0,5,0.5,2.0
ISIC_0012903,2.6,6,0.5,0.0
ISIC_0012904,0.0,3,0.5,3.0
ISIC_0012905,2.6,6,0.5,0.0
ISIC_0012907,0.0,5,0.5,0.0
ISIC_0012911,2.6,6,0.5,0.0
ISIC_0012930,2.6,6,0.5,0.0
ISIC_0012932,2.6,6,0.0,5.0
ISIC_0012939,0.0,6,0.0,3.0
ISIC_0012940,2.6,3,0.0,0.0
ISIC_0012941,0.0,5,0.0,3.0
ISIC_0012944,1.3,5,0.5,0.0
ISIC_0012945,1.3,6,0.5,0.0
ISIC_0012949,1.3,6,0.0,0.0
ISIC_0012950,0.0,6,1.0,0.0
ISIC_0012956,0.0,6,0.0,0.0
ISIC_0012957,0.0,5,0.0,4.0
ISIC_0012961,1.3,6,0.5,1.0
ISIC_0012965,0.0,6,0.5,0.0
ISIC_0012966,0.0,6,0.0,0.0
ISIC_0012969,2.6,5,0.5,8.0
ISIC_0012976,0.0,5,0.5,0.0
ISIC_0012981,2.6,6,0.5,0.0
ISIC_0012986,0.0,4,0.0,0.0
ISIC_0012987,2.6,5,0.0,0.0
ISIC_0012988,2.6,6,0.5,0.0
ISIC_0012989,0.0,5,0.5,7.0
ISIC_0012990,1.3,6,0.5,0.0
ISIC_0012999,2.6,5,0.5,2.0
ISIC_0013000,0.0,4,0.0,0.0
ISIC_0013001,0.0,4,0.0,0.0
ISIC_0013007,1.3,5,0.0,0.0
ISIC_0013010,2.6,6,1.0,0.0
ISIC_0013012,1.3,6,0.0,0.0
ISIC_0013015,2.6,5,0.5,0.0
ISIC_0013023,0.0,6,0.5,0.0
ISIC_0013024,0.0,5,0.0,8.0
ISIC_0013025,0.0,6,1.0,6.0
ISIC_0013026,2.6,5,1.0,3.0
ISIC_0013027,0.0,5,0.5,0.0
ISIC_0013031,2.6,6,0.5,0.0
ISIC_0013032,1.3,6,0.5,0.0
ISIC_0013034,1.3,5,0.0,0.0
ISIC_0013035,2.6,3,0.0,5.0
ISIC_0013037,0.0,6,0.5,0.0
ISIC_0013039,0.0,6,0.5,0.0
ISIC_0013044,2.6,6,0.5,0.0
ISIC_0013045,0.0,6,0.5,0.0
ISIC_0013047,1.3,6,0.5,0.0
ISIC_0013048,0.0,6,0.0,0.0
ISIC_0013052,0.0,6,0.0,2.0
ISIC_0013053,1.3,6,0.0,0.0
ISIC_0013054,1.3,6,0.0,3.0
ISIC_0013055,1.3,6,0.5,0.0
ISIC_0013056,0.0,5,0.0,0.0
ISIC_0013063,0.0,6,0.0,1.0
ISIC_0013065,2.6,6,0.0,0.0
ISIC_0013070,2.6,6,0.5,0.0
ISIC_0013071,0.0,5,0.0,0.0
ISIC_0013072,0.0,5,1.0,3.0
ISIC_0013073,2.6,5,1.0,0.0
ISIC_0013075,0.0,6,0.0,0.0
ISIC_0013079,0.0,5,0.5,0.0
ISIC_0013082,0.0,6,1.0,0.0
ISIC_0013084,0.0,6,0.5,0.0
ISIC_0013086,0.0,5,0.5,0.0
ISIC_0013087,0.0,5,0.5,0.0
ISIC_0013089,2.6,5,0.0,1.0
ISIC_0013090,0.0,6,0.5,0.0
ISIC_0013094,2.6,6,0.5,5.0
ISIC_0013096,2.6,5,0.5,0.0
ISIC_0013104,2.6,6,0.5,0.0
ISIC_0013106,2.6,6,0.0,6.0
ISIC_0013109,0.0,6,0.5,0.0
ISIC_0013112,0.0,5,0.5,7.0
ISIC_0013114,0.0,6,0.0,3.0
ISIC_0013118,2.6,6,0.5,5.0
ISIC_0013120,0.0,5,0.0,0.0
ISIC_0013121,2.6,6,0.0,0.0
ISIC_0013124,0.0,6,0.0,0.0
ISIC_0013126,2.6,5,0.5,0.0
ISIC_0013128,1.3,6,0.5,0.0
ISIC_0013129,0.0,6,0.0,0.0
ISIC_0013134,2.6,3,0.0,0.0
ISIC_0013136,0.0,6,0.5,1.0
ISIC_0013140,0.0,5,1.0,0.0
ISIC_0013141,0.0,6,0.0,8.0
ISIC_0013146,2.6,5,0.0,0.0
ISIC_0013147,2.6,6,1.5,7.0
ISIC_0013150,0.0,4,0.0,0.0
ISIC_0013155,0.0,6,0.5,3.0
ISIC_0013159,0.0,5,0.5,1.0
ISIC_0013160,1.3,4,0.5,8.0
ISIC_0013163,0.0,6,0.0,1.0
ISIC_0013164,0.0,5,0.5,0.0
ISIC_0013165,2.6,5,0.0,0.0
ISIC_0013166,0.0,6,0.0,7.0
ISIC_0013167,2.6,6,0.0,8.0
ISIC_0013169,0.0,5,0.0,7.0
ISIC_0013170,0.0,4,0.0,8.0
ISIC_0013172,2.6,6,1.0,4.0
ISIC_0013173,0.0,6,0.5,0.0
ISIC_0013176,2.6,6,0.5,0.0
ISIC_0013177,0.0,6,0.0,8.0
ISIC_0013178,2.6,4,0.0,2.0
ISIC_0013181,2.6,6,0.0,0.0
ISIC_0013184,2.6,6,0.5,0.0
ISIC_0013187,0.0,6,0.5,0.0
ISIC_0013189,2.6,6,0.0,0.0
ISIC_0013190,0.0,6,1.0,1.0
ISIC_0013191,0.0,6,0.0,0.0
ISIC_0013192,0.0,6,0.5,0.0
ISIC_0013193,0.0,4,0.0,8.0
ISIC_0013196,0.0,6,0.5,0.0
ISIC_0013197,1.3,6,0.5,7.0
ISIC_0013198,1.3,6,0.5,5.0
ISIC_0013200,2.6,5,0.0,1.0
ISIC_0013201,0.0,6,0.0,0.0
ISIC_0013203,0.0,5,0.0,2.0
ISIC_0013204,1.3,6,0.5,0.0
ISIC_0013205,0.0,6,0.5,0.0
ISIC_0013207,2.6,6,0.0,0.0
ISIC_0013208,1.3,5,0.0,0.0
ISIC_0013212,0.0,5,0.0,0.0
ISIC_0013213,0.0,4,0.0,5.0
ISIC_0013216,2.6,6,0.5,0.0
ISIC_0013217,0.0,5,0.5,3.0
ISIC_0013219,0.0,6,0.5,0.0
ISIC_0013220,2.6,6,1.0,5.0
ISIC_0013222,0.0,6,1.0,0.0
ISIC_0013223,0.0,5,0.0,8.0
ISIC_0013224,1.3,6,1.0,0.0
ISIC_0013226,2.6,6,0.0,0.0
ISIC_0013227,0.0,6,0.0,0.0
ISIC_0013229,1.3,4,0.5,4.0
ISIC_0013230,0.0,6,0.5,0.0
ISIC_0013232,2.6,6,0.5,0.0
ISIC_0013233,1.3,5,0.5,3.0
ISIC_0013235,0.0,6,0.0,0.0
ISIC_0013238,2.6,6,0.5,0.0
ISIC_0013242,0.0,6,1.0,0.0
ISIC_0013244,2.6,6,1.0,1.0
ISIC_0013248,0.0,6,1.0,0.0
ISIC_0013249,0.0,5,0.5,0.0
ISIC_0013257,0.0,5,0.5,0.0
ISIC_0013258,1.3,6,0.5,3.0
ISIC_0013269,2.6,6,0.5,0.0
ISIC_0013271,1.3,6,0.0,0.0
ISIC_0013274,0.0,6,0.5,0.0
ISIC_0013275,0.0,6,1.0,0.0
ISIC_0013277,0.0,6,0.5,7.0
ISIC_0013287,0.0,6,0.5,0.0
ISIC_0013288,2.6,6,0.5,3.0
ISIC_0013291,1.3,6,0.5,0.0
ISIC_0013294,2.6,5,0.5,1.0
ISIC_0013302,2.6,6,1.0,0.0
ISIC_0013304,0.0,3,0.5,0.0
ISIC_0013306,0.0,5,0.0,0.0
ISIC_0013310,1.3,5,0.0,8.0
ISIC_0013311,0.0,5,1.0,8.0
ISIC_0013314,0.0,6,0.5,0.0
ISIC_0013315,0.0,5,0.0,8.0
ISIC_0013319,2.6,5,0.0,3.0
ISIC_0013320,0.0,6,1.0,0.0
ISIC_0013321,0.0,5,0.0,3.0
ISIC_0013325,0.0,6,0.0,6.0
ISIC_0013326,0.0,5,1.0,7.0
ISIC_0013329,0.0,6,0.5,0.0
ISIC_0013330,1.3,6,0.5,0.0
ISIC_0013333,1.3,6,0.0,0.0
ISIC_0013334,0.0,5,0.0,1.0
ISIC_0013335,0.0,5,0.0,3.0
ISIC_0013340,2.6,6,0.0,0.0
ISIC_0013341,0.0,6,0.0,8.0
ISIC_0013342,0.0,6,0.5,0.0
ISIC_0013346,1.3,5,0.0,0.0
ISIC_0013355,0.0,6,0.5,0.0
ISIC_0013356,0.0,5,0.5,0.0
ISIC_0013359,0.0,6,0.5,3.0
ISIC_0013360,0.0,6,0.0,0.0
ISIC_0013364,1.3,6,0.0,0.0
ISIC_0013365,0.0,5,0.0,0.0
ISIC_0013369,0.0,5,0.5,0.0
ISIC_0013371,2.6,6,0.0,0.0
ISIC_0013374,0.0,5,0.5,3.0
ISIC_0013378,2.6,6,0.5,0.0
ISIC_0013383,0.0,6,0.5,0.0
ISIC_0013385,2.6,6,0.5,4.0
ISIC_0013390,0.0,5,0.5,8.0
ISIC_0013393,0.0,4,0.0,3.0
ISIC_0013394,0.0,5,0.0,1.0
ISIC_0013395,0.0,6,0.5,3.0
ISIC_0013397,0.0,6,0.0,1.0
ISIC_0013398,2.6,6,0.5,0.0
ISIC_0013399,1.3,5,0.5,8.0
ISIC_0013400,2.6,4,0.0,5.0
ISIC_0013403,0.0,6,0.0,0.0
ISIC_0013405,0.0,5,0.0,0.0
ISIC_0013410,1.3,4,0.0,0.0
ISIC_0013411,1.3,6,0.5,0.0
ISIC_0013414,0.0,5,1.0,0.0
ISIC_0013416,0.0,6,0.0,4.0
ISIC_0013417,0.0,6,1.0,0.0
ISIC_0013423,0.0,5,0.0,2.0
ISIC_0013424,0.0,6,0.0,0.0
ISIC_0013425,2.6,6,0.0,0.0
ISIC_0013427,0.0,6,0.5,2.0
ISIC_0013428,2.6,6,0.5,0.0
ISIC_0013429,0.0,5,0.5,0.0
ISIC_0013430,0.0,6,0.0,0.0
ISIC_0013432,2.6,6,0.5,4.0
ISIC_0013433,0.0,6,0.5,0.0
ISIC_0013434,2.6,6,0.5,0.0
ISIC_0013437,0.0,6,0.0,0.0
ISIC_0013438,0.0,5,0.0,0.0
ISIC_0013443,0.0,4,0.0,7.0
ISIC_0013455,0.0,6,0.5,3.0
ISIC_0013456,2.6,6,1.0,0.0
ISIC_0013457,0.0,6,0.0,3.0
ISIC_0013458,0.0,6,0.5,0.0
ISIC_0013459,0.0,6,0.0,0.0
ISIC_0013461,2.6,4,0.0,8.0
ISIC_0013465,0.0,5,0.0,3.0
ISIC_0013472,2.6,6,0.0,0.0
ISIC_0013473,0.0,4,0.5,6.0
ISIC_0013474,2.6,5,0.0,0.0
ISIC_0013480,0.0,6,0.5,0.0
ISIC_0013487,2.6,6,0.5,0.0
ISIC_0013488,0.0,5,1.0,3.0
ISIC_0013489,2.6,5,0.5,7.0
ISIC_0013490,2.6,5,0.5,0.0
ISIC_0013491,0.0,6,0.5,2.0
ISIC_0013492,0.0,6,0.5,0.0
ISIC_0013493,2.6,5,0.5,0.0
ISIC_0013494,0.0,6,0.5,0.0
ISIC_0013495,2.6,6,1.0,0.0
ISIC_0013498,1.3,5,0.5,0.0
ISIC_0013499,2.6,6,1.0,0.0
ISIC_0013500,2.6,6,0.5,0.0
ISIC_0013501,2.6,6,0.5,1.0
ISIC_0013511,2.6,4,0.0,3.0
ISIC_0013512,0.0,6,0.0,0.0
ISIC_0013516,0.0,6,0.0,0.0
ISIC_0013517,0.0,6,0.5,0.0
ISIC_0013518,0.0,6,0.0,4.0
ISIC_0013523,2.6,6,0.5,6.0
ISIC_0013525,2.6,6,1.0,0.0
ISIC_0013526,0.0,6,1.0,0.0
ISIC_0013527,2.6,6,0.5,7.0
ISIC_0013529,0.0,6,0.5,0.0
ISIC_0013549,2.6,6,0.5,0.0
ISIC_0013552,1.3,6,0.0,7.0
ISIC_0013553,1.3,6,0.5,5.0
ISIC_0013554,0.0,5,0.5,0.0
ISIC_0013558,2.6,6,0.0,6.0
ISIC_0013559,0.0,6,0.5,1.0
ISIC_0013561,0.0,5,0.5,2.0
ISIC_0013562,0.0,5,0.5,5.0
ISIC_0013565,0.0,6,0.0,1.0
ISIC_0013567,0.0,6,0.5,1.0
ISIC_0013568,2.6,6,0.5,0.0
ISIC_0013572,1.3,5,0.0,2.0
ISIC_0013573,2.6,5,0.5,0.0
ISIC_0013577,2.6,5,0.5,0.0
ISIC_0013578,2.6,6,0.0,0.0
ISIC_0013579,2.6,5,0.5,0.0
ISIC_0013580,0.0,6,0.0,0.0
ISIC_0013581,2.6,6,0.0,0.0
ISIC_0013585,2.6,5,0.0,2.0
ISIC_0013588,2.6,5,0.0,3.0
ISIC_0013592,0.0,6,0.5,0.0
ISIC_0013594,1.3,6,0.5,1.0
ISIC_0013595,2.6,6,0.5,0.0
ISIC_0013596,1.3,6,0.5,0.0
ISIC_0013597,0.0,6,0.5,0.0
ISIC_0013599,2.6,6,0.0,0.0
ISIC_0013600,0.0,4,0.5,0.0
ISIC_0013601,2.6,5,0.5,0.0
ISIC_0013602,0.0,4,0.5,0.0
ISIC_0013603,0.0,6,1.0,0.0
ISIC_0013606,2.6,6,0.5,0.0
ISIC_0013610,2.6,6,0.5,0.0
ISIC_0013615,2.6,6,0.5,3.0
ISIC_0013617,0.0,5,0.0,3.0
ISIC_0013618,2.6,6,0.5,2.0
ISIC_0013621,0.0,4,0.0,2.0
ISIC_0013626,2.6,6,0.5,0.0
ISIC_0013634,0.0,5,1.0,1.0
ISIC_0013635,0.0,4,0.0,0.0
ISIC_0013636,2.6,5,0.5,3.0
ISIC_0013637,0.0,4,0.0,0.0
ISIC_0013639,2.6,6,1.0,0.0
ISIC_0013643,0.0,6,0.0,0.0
ISIC_0013644,2.6,5,0.0,4.0
ISIC_0013651,0.0,5,0.5,3.0
ISIC_0013652,2.6,4,0.5,0.0
ISIC_0013656,0.0,6,0.5,0.0
ISIC_0013663,2.6,6,0.5,0.0
ISIC_0013664,2.6,6,0.5,0.0
ISIC_0013667,2.6,6,0.5,0.0
ISIC_0013670,1.3,5,0.5,0.0
ISIC_0013671,0.0,5,0.0,4.0
ISIC_0013672,2.6,6,0.5,1.0
ISIC_0013673,0.0,5,0.0,3.0
ISIC_0013674,2.6,6,0.5,3.0
ISIC_0013675,1.3,5,0.0,3.0
ISIC_0013676,0.0,6,0.5,5.0
ISIC_0013678,2.6,5,0.0,0.0
ISIC_0013680,0.0,6,0.0,0.0
ISIC_0013684,1.3,5,0.0,5.0
ISIC_0013685,1.3,6,0.0,5.0
ISIC_0013688,2.6,5,0.5,0.0
ISIC_0013689,2.6,5,0.5,1.0
ISIC_0013690,0.0,5,0.5,0.0
ISIC_0013691,2.6,6,0.0,4.0
ISIC_0013695,2.6,6,0.5,0.0
ISIC_0013696,2.6,5,0.5,2.0
ISIC_0013702,2.6,6,0.5,3.0
ISIC_0013708,2.6,6,0.0,1.0
ISIC_0013709,2.6,4,0.0,0.0
ISIC_0013712,0.0,6,0.5,0.0
ISIC_0013713,0.0,6,0.0,0.0
ISIC_0013719,2.6,6,0.5,3.0
ISIC_0013721,0.0,5,0.0,0.0
ISIC_0013733,2.6,6,0.5,0.0
ISIC_0013736,0.0,6,0.5,4.0
ISIC_0013737,0.0,6,1.0,0.0
ISIC_0013738,0.0,6,0.5,0.0
ISIC_0013739,2.6,6,0.0,0.0
ISIC_0013740,0.0,5,1.0,0.0
ISIC_0013747,0.0,5,0.5,4.0
ISIC_0013748,0.0,5,0.5,1.0
ISIC_0013749,0.0,5,0.5,4.0
ISIC_0013758,2.6,6,1.0,2.0
ISIC_0013762,2.6,6,0.0,0.0
ISIC_0013765,1.3,5,0.0,3.0
ISIC_0013766,2.6,6,1.0,0.0
ISIC_0013767,2.6,4,0.0,4.0
ISIC_0013772,0.0,6,0.5,0.0
ISIC_0013775,0.0,6,0.5,0.0
ISIC_0013777,1.3,5,0.0,0.0
ISIC_0013778,2.6,5,0.5,4.0
ISIC_0013782,2.6,6,0.0,0.0
ISIC_0013783,0.0,5,0.5,2.0
ISIC_0013789,2.6,6,0.5,0.0
ISIC_0013792,0.0,5,1.0,5.0
ISIC_0013793,2.6,6,0.0,1.0
ISIC_0013794,0.0,6,0.5,3.0
ISIC_0013795,2.6,5,0.5,0.0
ISIC_0013796,2.6,6,0.0,0.0
ISIC_0013797,0.0,6,0.0,0.0
ISIC_0013798,1.3,6,1.0,0.0
ISIC_0013799,1.3,6,0.0,5.0
ISIC_0013800,0.0,6,0.0,0.0
ISIC_0013801,2.6,6,0.5,0.0
ISIC_0013802,2.6,6,0.0,0.0
ISIC_0013803,2.6,6,0.0,6.0
ISIC_0013804,0.0,6,0.5,0.0
ISIC_0013805,0.0,6,0.5,0.0
ISIC_0013806,0.0,6,0.5,0.0
ISIC_0013807,0.0,6,1.0,0.0
ISIC_0013808,2.6,6,0.5,0.0
ISIC_0013809,0.0,5,0.5,3.0
ISIC_0013813,0.0,5,0.0,0.0
ISIC_0013815,0.0,5,0.0,0.0
ISIC_0013816,2.6,5,0.0,0.0
ISIC_0013817,0.0,5,0.0,4.0
ISIC_0013819,1.3,5,0.0,7.0
ISIC_0013828,1.3,6,0.0,4.0
ISIC_0013830,0.0,6,0.5,0.0
ISIC_0013831,2.6,6,1.0,0.0
ISIC_0013832,2.6,5,0.5,0.0
ISIC_0013833,0.0,5,0.5,2.0
ISIC_0013835,2.6,4,0.0,0.0
ISIC_0013836,0.0,6,0.0,0.0
ISIC_0013837,0.0,6,1.0,8.0
ISIC_0013839,0.0,6,0.5,0.0
ISIC_0013840,0.0,5,0.0,2.0
ISIC_0013842,2.6,6,0.0,1.0
ISIC_0013843,0.0,6,0.0,0.0
ISIC_0013844,1.3,6,0.0,0.0
ISIC_0013861,2.6,5,0.5,0.0
ISIC_0013862,2.6,5,0.5,2.0
ISIC_0013863,2.6,5,0.0,0.0
ISIC_0013865,1.3,6,0.5,0.0
ISIC_0013867,2.6,5,0.0,0.0
ISIC_0013874,2.6,6,0.5,1.0
ISIC_0013879,0.0,5,0.0,0.0
ISIC_0013886,1.3,6,0.5,0.0
ISIC_0013888,2.6,6,0.0,3.0
ISIC_0013891,0.0,6,0.5,3.0
ISIC_0013896,2.6,6,0.5,1.0
ISIC_0013897,2.6,6,0.0,0.0
ISIC_0013898,2.6,5,0.0,3.0
ISIC_0013908,2.6,5,0.5,3.0
ISIC_0013910,2.6,4,0.0,5.0
ISIC_0013911,0.0,6,0.0,0.0
ISIC_0013917,1.3,6,0.5,0.0
ISIC_0013918,0.0,5,0.0,6.0
ISIC_0013921,2.6,5,0.5,0.0
ISIC_0013922,2.6,6,1.0,0.0
ISIC_0013925,0.0,5,0.0,6.0
ISIC_0013929,2.6,3,0.5,4.0
ISIC_0013935,0.0,6,0.5,0.0
ISIC_0013936,0.0,6,0.5,2.0
ISIC_0013942,1.3,4,0.5,4.0
ISIC_0013946,2.6,4,0.5,2.0
ISIC_0013948,2.6,5,1.0,2.0
ISIC_0013953,0.0,6,0.5,0.0
ISIC_0013958,2.6,5,0.0,8.0
ISIC_0013961,1.3,5,0.0,0.0
ISIC_0013962,0.0,6,0.5,0.0
ISIC_0013966,2.6,4,0.0,0.0
ISIC_0013967,0.0,5,0.0,0.0
ISIC_0013969,2.6,6,0.5,0.0
ISIC_0013970,1.3,6,1.0,0.0
ISIC_0013972,2.6,5,0.5,0.0
ISIC_0013975,2.6,6,0.0,0.0
ISIC_0013977,2.6,4,0.0,3.0
ISIC_0013980,2.6,3,0.0,4.0
ISIC_0013981,0.0,3,0.0,6.0
ISIC_0013982,0.0,6,0.0,2.0
ISIC_0013983,2.6,5,1.0,4.0
ISIC_0013984,0.0,6,0.5,0.0
ISIC_0013986,2.6,5,0.5,0.0
ISIC_0013987,0.0,5,0.5,0.0
ISIC_0013988,2.6,5,0.5,6.0
ISIC_0013995,1.3,6,0.5,0.0
ISIC_0013996,2.6,6,1.0,5.0
ISIC_0013997,1.3,6,0.5,0.0
ISIC_0013998,0.0,5,0.0,3.0
ISIC_0014001,0.0,6,0.0,0.0
ISIC_0014013,0.0,6,0.5,0.0
ISIC_0014026,1.3,6,0.5,0.0
ISIC_0014027,0.0,6,0.5,0.0
ISIC_0014028,2.6,6,0.0,4.0
ISIC_0014029,2.6,5,0.5,0.0
ISIC_0014032,0.0,4,0.0,0.0
ISIC_0014037,2.6,6,0.0,5.0
ISIC_0014044,0.0,5,0.0,0.0
ISIC_0014046,1.3,6,0.5,0.0
ISIC_0014049,2.6,6,0.5,0.0
ISIC_0014059,0.0,6,0.5,0.0
ISIC_0014062,2.6,6,0.5,0.0
ISIC_0014066,0.0,5,0.5,0.0
ISIC_0014069,0.0,5,0.5,0.0
ISIC_0014072,1.3,5,0.0,2.0
ISIC_0014073,2.6,5,0.5,3.0
ISIC_0014076,0.0,5,0.0,2.0
ISIC_0014077,2.6,5,0.5,5.0
ISIC_0014080,2.6,6,0.5,0.0
ISIC_0014081,2.6,6,0.5,0.0
ISIC_0014089,2.6,6,0.5,0.0
ISIC_0014090,2.6,6,0.5,0.0
ISIC_0014092,2.6,6,0.5,0.0
ISIC_0014093,0.0,6,0.5,0.0
ISIC_0014094,0.0,6,0.5,0.0
ISIC_0014099,1.3,5,0.5,3.0
ISIC_0014103,2.6,4,0.5,0.0
ISIC_0014108,2.6,6,1.0,2.0
ISIC_0014110,0.0,5,0.5,0.0
ISIC_0014114,0.0,5,0.0,8.0
ISIC_0014117,1.3,6,0.5,0.0
ISIC_0014127,2.6,5,0.5,0.0
ISIC_0014129,0.0,5,0.5,0.0
ISIC_0014131,2.6,6,0.5,3.0
ISIC_0014132,0.0,6,0.0,0.0
ISIC_0014133,0.0,6,0.5,3.0
ISIC_0014136,1.3,6,0.0,0.0
ISIC_0014139,0.0,5,0.0,0.0
ISIC_0014144,1.3,5,0.0,0.0
ISIC_0014149,2.6,6,0.0,0.0
ISIC_0014150,0.0,6,0.5,0.0
ISIC_0014151,1.3,6,0.5,0.0
ISIC_0014156,2.6,6,0.5,0.0
ISIC_0014157,1.3,6,0.5,0.0
ISIC_0014158,0.0,5,0.0,4.0
ISIC_0014160,2.6,5,0.5,0.0
ISIC_0014162,2.6,5,0.0,0.0
ISIC_0014163,2.6,5,0.5,0.0
ISIC_0014164,2.6,6,0.5,0.0
ISIC_0014166,2.6,4,0.0,0.0
ISIC_0014169,0.0,6,0.0,0.0
ISIC_0014171,2.6,4,0.0,2.0
ISIC_0014173,1.3,4,1.0,3.0
ISIC_0014174,0.0,6,1.0,0.0
ISIC_0014178,2.6,6,0.5,0.0
ISIC_0014181,2.6,5,0.5,2.0
ISIC_0014183,2.6,6,0.5,0.0
ISIC_0014185,0.0,6,0.0,0.0
ISIC_0014186,1.3,5,0.0,0.0
ISIC_0014187,0.0,5,0.0,0.0
ISIC_0014189,2.6,6,0.5,3.0
ISIC_0014190,2.6,5,0.0,0.0
ISIC_0014195,0.0,6,1.0,0.0
ISIC_0014197,2.6,6,0.5,0.0
ISIC_0014211,2.6,6,0.5,0.0
ISIC_0014217,0.0,5,0.5,3.0
ISIC_0014219,2.6,5,0.0,2.0
ISIC_0014221,0.0,5,0.5,7.0
ISIC_0014222,2.6,3,0.0,4.0
ISIC_0014225,2.6,5,0.0,0.0
ISIC_0014229,0.0,5,0.5,0.0
ISIC_0014233,2.6,4,0.5,0.0
ISIC_0014238,0.0,6,1.0,0.0
ISIC_0014248,2.6,6,0.5,3.0
ISIC_0014249,2.6,4,0.5,0.0
ISIC_0014253,0.0,6,0.0,0.0
ISIC_0014255,1.3,4,0.5,8.0
ISIC_0014263,0.0,5,0.5,0.0
ISIC_0014270,0.0,5,0.5,0.0
ISIC_0014273,1.3,5,0.0,0.0
ISIC_0014274,0.0,5,0.5,4.0
ISIC_0014284,2.6,6,0.0,0.0
ISIC_0014286,0.0,5,0.5,0.0
ISIC_0014288,0.0,4,0.5,3.0
ISIC_0014289,2.6,6,0.5,0.0
ISIC_0014290,0.0,5,1.0,0.0
ISIC_0014291,2.6,5,0.5,3.0
ISIC_0014299,0.0,5,0.0,0.0
ISIC_0014302,2.6,6,0.5,0.0
ISIC_0014308,1.3,5,0.5,0.0
ISIC_0014311,2.6,2,0.0,1.0
ISIC_0014316,2.6,6,0.0,0.0
ISIC_0014317,0.0,5,0.5,4.0
ISIC_0014324,2.6,4,0.5,3.0
ISIC_0014325,2.6,6,0.5,0.0
ISIC_0014327,2.6,6,0.5,0.0
ISIC_0014328,2.6,6,0.0,0.0
ISIC_0014331,0.0,6,0.5,3.0
ISIC_0014336,0.0,5,0.0,0.0
ISIC_0014337,2.6,5,0.0,0.0
ISIC_0014346,0.0,6,0.5,0.0
ISIC_0014347,2.6,4,0.5,2.0
ISIC_0014349,1.3,5,0.5,3.0
ISIC_0014353,2.6,5,0.5,0.0
ISIC_0014357,2.6,6,0.0,0.0
ISIC_0014360,2.6,5,1.0,0.0
ISIC_0014361,1.3,6,0.5,5.0
ISIC_0014365,0.0,4,0.5,3.0
ISIC_0014366,2.6,6,0.5,0.0
ISIC_0014372,2.6,6,0.5,0.0
ISIC_0014382,2.6,5,0.0,5.0
ISIC_0014385,2.6,5,0.5,3.0
ISIC_0014386,0.0,4,0.0,8.0
ISIC_0014392,0.0,4,0.0,3.0
ISIC_0014393,0.0,5,0.0,4.0
ISIC_0014394,2.6,6,0.5,0.0
ISIC_0014395,2.6,6,0.0,0.0
ISIC_0014397,0.0,5,0.0,7.0
ISIC_0014410,0.0,3,0.0,7.0
ISIC_0014419,0.0,4,0.0,0.0
ISIC_0014422,2.6,5,0.5,0.0
ISIC_0014423,0.0,4,0.0,0.0
ISIC_0014428,0.0,5,1.0,1.0
ISIC_0014430,2.6,5,0.5,4.0
ISIC_0014431,0.0,6,1.0,0.0
ISIC_0014433,2.6,6,0.5,0.0
ISIC_0014434,0.0,5,0.5,0.0
ISIC_0014438,0.0,6,0.0,0.0
ISIC_0014440,2.6,6,1.0,3.0
ISIC_0014441,1.3,5,0.5,0.0
ISIC_0014453,0.0,6,0.5,0.0
ISIC_0014454,0.0,5,0.0,3.0
ISIC_0014457,0.0,3,0.0,3.0
ISIC_0014458,0.0,5,0.5,0.0
ISIC_0014469,0.0,4,0.0,0.0
ISIC_0014470,0.0,6,0.0,0.0
ISIC_0014473,2.6,6,0.5,0.0
ISIC_0014475,2.6,6,0.5,0.0
ISIC_0014476,2.6,5,1.0,0.0
ISIC_0014478,0.0,5,0.5,0.0
ISIC_0014480,1.3,6,0.5,0.0
ISIC_0014486,1.3,6,1.0,0.0
ISIC_0014489,0.0,4,0.5,2.0
ISIC_0014490,2.6,6,1.0,0.0
ISIC_0014498,0.0,6,1.0,0.0
ISIC_0014500,0.0,6,0.0,3.0
ISIC_0014501,2.6,5,0.5,0.0
ISIC_0014502,2.6,6,0.5,0.0
ISIC_0014503,0.0,4,0.0,8.0
ISIC_0014506,0.0,5,0.5,2.0
ISIC_0014507,2.6,5,0.0,0.0
ISIC_0014511,2.6,6,0.0,0.0
ISIC_0014513,0.0,6,0.5,0.0
ISIC_0014518,0.0,5,0.5,8.0
ISIC_0014522,1.3,5,0.5,1.0
ISIC_0014525,2.6,5,0.5,0.0
ISIC_0014526,0.0,5,0.0,0.0
ISIC_0014527,1.3,5,1.0,6.0
ISIC_0014529,0.0,6,1.0,2.0
ISIC_0014535,0.0,6,0.0,0.0
ISIC_0014537,0.0,4,0.0,3.0
ISIC_0014541,2.6,6,0.5,0.0
ISIC_0014542,0.0,4,0.5,1.0
ISIC_0014543,2.6,6,0.0,0.0
ISIC_0014545,0.0,6,0.5,0.0
ISIC_0014546,0.0,5,0.0,3.0
ISIC_0014547,0.0,6,1.0,0.0
ISIC_0014548,2.6,6,0.5,2.0
ISIC_0014554,0.0,5,0.0,0.0
ISIC_0014558,2.6,5,0.5,0.0
ISIC_0014559,0.0,5,0.5,3.0
ISIC_0014567,0.0,6,0.5,8.0
ISIC_0014572,0.0,6,0.0,0.0
ISIC_0014573,2.6,4,0.0,6.0
ISIC_0014574,2.6,6,0.0,3.0
ISIC_0014576,0.0,6,0.5,0.0
ISIC_0014577,1.3,6,0.0,0.0
ISIC_0014580,1.3,4,0.0,8.0
ISIC_0014581,0.0,5,0.0,8.0
ISIC_0014583,0.0,6,0.0,6.0
ISIC_0014585,0.0,6,0.5,0.0
ISIC_0014586,0.0,6,0.5,2.0
ISIC_0014587,2.6,5,0.0,8.0
ISIC_0014596,1.3,5,0.0,6.0
ISIC_0014599,1.3,6,0.0,8.0
ISIC_0014600,2.6,6,0.0,5.0
ISIC_0014601,2.6,5,0.0,5.0
ISIC_0014603,2.6,6,0.5,8.0
ISIC_0014605,2.6,6,0.0,8.0
ISIC_0014609,2.6,5,0.0,3.0
ISIC_0014610,2.6,5,0.0,2.0
ISIC_0014617,0.0,6,0.0,8.0
ISIC_0014619,2.6,5,0.0,5.0
ISIC_0014623,2.6,5,0.0,5.0
ISIC_0014624,1.3,5,0.0,0.0
ISIC_0014625,2.6,6,0.0,5.0
ISIC_0014628,2.6,5,0.0,5.0
ISIC_0014632,1.3,6,0.0,2.0
ISIC_0014633,0.0,6,0.0,0.0
ISIC_0014635,2.6,4,0.0,7.0
ISIC_0014637,2.6,6,0.0,6.0
ISIC_0014639,2.6,5,0.0,0.0
ISIC_0014640,2.6,6,0.0,3.0
ISIC_0014642,2.6,6,0.0,0.0
ISIC_0014643,2.6,6,0.0,4.0
ISIC_0014651,2.6,6,0.0,3.0
ISIC_0014652,2.6,5,0.0,5.0
ISIC_0014657,0.0,6,0.0,1.0
ISIC_0014658,0.0,5,0.5,7.0
ISIC_0014661,0.0,5,1.0,0.0
ISIC_0014663,0.0,5,1.0,2.0
ISIC_0014664,0.0,5,0.0,3.0
ISIC_0014665,2.6,6,0.5,0.0
ISIC_0014666,1.3,5,0.5,0.0
ISIC_0014667,0.0,6,0.5,0.0
ISIC_0014675,2.6,6,0.5,0.0
ISIC_0014677,2.6,6,0.5,0.0
ISIC_0014680,0.0,5,0.5,0.0
ISIC_0014682,1.3,5,0.5,0.0
ISIC_0014683,0.0,5,0.5,0.0
ISIC_0014684,1.3,5,1.0,0.0
ISIC_0014685,0.0,4,0.5,3.0
ISIC_0014687,0.0,5,1.0,0.0
ISIC_0014688,0.0,4,0.5,1.0
ISIC_0014692,0.0,6,0.5,0.0
ISIC_0014693,0.0,5,0.5,0.0
ISIC_0014694,0.0,5,1.0,0.0
ISIC_0014696,0.0,5,0.5,0.0
ISIC_0014697,0.0,5,0.5,3.0
ISIC_0014698,0.0,5,0.0,0.0
ISIC_0014702,1.3,6,1.0,0.0
ISIC_0014703,1.3,3,0.5,0.0
ISIC_0014707,2.6,6,0.5,0.0
ISIC_0014708,1.3,4,1.0,1.0
ISIC_0014713,0.0,6,0.5,0.0
ISIC_0014714,0.0,5,0.5,0.0
ISIC_0014715,0.0,6,0.5,2.0
ISIC_0014716,0.0,6,0.5,8.0
ISIC_0014720,0.0,6,0.5,0.0
ISIC_0014722,1.3,5,0.5,1.0
ISIC_0014723,0.0,6,0.0,6.0
ISIC_0014724,1.3,6,0.5,0.0
ISIC_0014725,2.6,6,0.5,0.0
ISIC_0014726,1.3,5,0.5,2.0
ISIC_0014728,0.0,6,1.0,0.0
ISIC_0014729,0.0,5,0.5,5.0
ISIC_0014730,0.0,6,1.0,0.0
ISIC_0014731,0.0,6,0.5,0.0
ISIC_0014735,0.0,5,0.5,0.0
ISIC_0014739,2.6,6,0.5,0.0
ISIC_0014740,1.3,6,1.0,7.0
ISIC_0014742,0.0,4,0.5,2.0
ISIC_0014743,0.0,4,0.5,1.0
ISIC_0014745,1.3,5,1.0,0.0
ISIC_0014746,0.0,6,1.0,0.0
ISIC_0014748,0.0,5,0.5,1.0
ISIC_0014749,0.0,6,0.5,0.0
ISIC_0014753,1.3,6,1.0,0.0
ISIC_0014754,0.0,6,1.0,3.0
ISIC_0014755,0.0,6,1.0,0.0
ISIC_0014760,0.0,5,0.5,0.0
ISIC_0014762,1.3,5,1.0,0.0
ISIC_0014763,0.0,5,0.5,0.0
ISIC_0014765,2.6,4,0.0,0.0
ISIC_0014768,0.0,6,0.5,0.0
ISIC_0014769,0.0,5,0.0,6.0
ISIC_0014770,0.0,6,0.5,0.0
ISIC_0014771,1.3,5,0.5,8.0
ISIC_0014772,0.0,6,0.5,2.0
ISIC_0014773,1.3,5,1.0,0.0
ISIC_0014775,1.3,4,0.5,7.0
ISIC_0014778,0.0,5,0.5,0.0
ISIC_0014779,2.6,6,0.5,0.0
ISIC_0014780,2.6,5,0.5,0.0
ISIC_0014782,0.0,4,0.0,0.0
ISIC_0014783,2.6,6,0.0,0.0
ISIC_0014784,1.3,6,1.0,2.0
ISIC_0014785,2.6,6,0.5,3.0
ISIC_0014786,0.0,6,0.5,0.0
ISIC_0014787,2.6,6,0.5,0.0
ISIC_0014788,2.6,5,1.0,0.0
ISIC_0014790,0.0,5,0.5,5.0
ISIC_0014791,0.0,5,0.5,0.0
ISIC_0014792,0.0,6,0.0,0.0
ISIC_0014794,2.6,5,1.0,0.0
ISIC_0014795,1.3,6,1.0,1.0
ISIC_0014796,2.6,5,0.5,0.0
ISIC_0014797,0.0,6,0.0,0.0
ISIC_0014798,0.0,5,1.0,0.0
ISIC_0014800,1.3,5,0.5,3.0
ISIC_0014802,0.0,5,0.5,3.0
ISIC_0014803,0.0,6,0.5,2.0
ISIC_0014804,0.0,6,0.0,0.0
ISIC_0014805,1.3,5,1.0,0.0
ISIC_0014806,0.0,4,0.0,5.0
ISIC_0014807,2.6,4,1.0,0.0
ISIC_0014808,1.3,5,0.5,0.0
ISIC_0014809,0.0,5,0.5,0.0
ISIC_0014812,0.0,6,0.0,0.0
ISIC_0014814,0.0,6,0.5,0.0
ISIC_0014815,2.6,6,1.0,0.0
ISIC_0014818,0.0,6,0.5,0.0
ISIC_0014820,0.0,5,0.5,2.0
ISIC_0014821,0.0,6,0.5,0.0
ISIC_0014823,0.0,6,1.0,0.0
ISIC_0014825,0.0,5,0.5,5.0
ISIC_0014826,0.0,5,1.0,3.0
ISIC_0014829,1.3,6,0.5,0.0
ISIC_0014830,2.6,6,0.5,0.0
ISIC_0014831,0.0,5,0.5,2.0
ISIC_0014832,2.6,6,0.5,0.0
ISIC_0014833,0.0,3,0.0,1.0
ISIC_0014834,2.6,6,0.5,0.0
ISIC_0014835,0.0,6,1.0,0.0
ISIC_0014836,0.0,4,1.0,0.0
ISIC_0014838,2.6,6,0.5,1.0
ISIC_0014839,2.6,6,0.0,1.0
ISIC_0014843,0.0,6,1.0,0.0
ISIC_0014844,2.6,6,0.5,1.0
ISIC_0014845,0.0,6,0.5,0.0
ISIC_0014846,0.0,5,0.5,0.0
ISIC_0014848,0.0,5,0.5,0.0
ISIC_0014849,2.6,5,0.0,0.0
ISIC_0014850,0.0,6,0.5,0.0
ISIC_0014851,0.0,6,1.0,0.0
ISIC_0014853,1.3,6,1.0,0.0
ISIC_0014854,0.0,6,0.5,2.0
ISIC_0014855,2.6,5,0.5,0.0
ISIC_0014857,1.3,4,0.5,0.0
ISIC_0014860,1.3,6,0.5,0.0
ISIC_0014862,1.3,4,1.0,2.0
ISIC_0014863,0.0,6,0.5,0.0
ISIC_0014867,0.0,6,0.5,0.0
ISIC_0014868,0.0,4,1.0,0.0
ISIC_0014869,0.0,6,0.5,0.0
ISIC_0014872,1.3,5,0.5,6.0
ISIC_0014876,0.0,6,0.5,6.0
ISIC_0014879,0.0,6,0.0,0.0
ISIC_0014883,2.6,6,1.0,0.0
ISIC_0014890,0.0,5,0.5,0.0
ISIC_0014891,0.0,5,1.0,0.0
ISIC_0014897,0.0,4,0.5,0.0
ISIC_0014898,0.0,5,0.5,3.0
ISIC_0014901,1.3,5,1.0,0.0
ISIC_0014903,2.6,6,0.5,0.0
ISIC_0014904,2.6,6,1.0,0.0
ISIC_0014907,0.0,6,1.0,8.0
ISIC_0014908,2.6,6,0.5,7.0
ISIC_0014910,1.3,5,1.5,0.0
ISIC_0014911,0.0,5,0.5,0.0
ISIC_0014912,2.6,5,1.0,0.0
ISIC_0014913,0.0,6,0.5,2.0
ISIC_0014915,1.3,6,0.5,1.0
ISIC_0014919,2.6,4,0.5,5.0
ISIC_0014920,0.0,6,0.5,0.0
ISIC_0014921,0.0,5,0.5,1.0
ISIC_0014922,0.0,5,1.0,0.0
ISIC_0014923,0.0,6,0.5,0.0
ISIC_0014925,2.6,6,1.0,0.0
ISIC_0014926,0.0,6,0.5,0.0
ISIC_0014927,0.0,6,0.5,2.0
ISIC_0014928,0.0,6,0.5,0.0
ISIC_0014929,0.0,5,0.5,0.0
ISIC_0014930,0.0,5,0.5,0.0
ISIC_0014931,0.0,5,0.5,0.0
ISIC_0014932,0.0,4,1.0,0.0
ISIC_0014933,0.0,6,0.5,0.0
ISIC_0014936,2.6,6,0.5,0.0
ISIC_0014937,0.0,5,0.5,1.0
ISIC_0014938,2.6,5,0.5,0.0
ISIC_0014940,0.0,6,0.5,2.0
ISIC_0014941,2.6,6,0.5,0.0
ISIC_0014942,2.6,6,1.0,0.0
ISIC_0014943,0.0,5,0.5,0.0
ISIC_0014944,1.3,6,0.5,0.0
ISIC_0014945,0.0,4,0.5,0.0
ISIC_0014946,0.0,6,0.5,4.0
ISIC_0014947,0.0,6,1.0,3.0
ISIC_0014948,2.6,4,0.5,1.0
ISIC_0014949,1.3,6,0.5,0.0
ISIC_0014951,1.3,6,0.5,1.0
ISIC_0014952,0.0,5,0.5,4.0
ISIC_0014955,0.0,6,0.5,0.0
ISIC_0014956,0.0,6,0.5,0.0
ISIC_0014957,2.6,6,1.0,0.0
ISIC_0014958,2.6,6,0.5,0.0
ISIC_0014961,1.3,5,1.0,0.0
ISIC_0014962,2.6,5,0.5,4.0
ISIC_0014963,0.0,6,1.0,0.0
ISIC_0014964,0.0,6,1.0,0.0
ISIC_0014966,1.3,6,1.0,0.0
ISIC_0014968,2.6,6,0.5,2.0
ISIC_0014969,0.0,5,0.0,2.0
ISIC_0014973,0.0,5,0.5,2.0
ISIC_0014974,0.0,4,0.5,0.0
ISIC_0014975,2.6,4,0.0,0.0
ISIC_0014979,2.6,5,0.5,0.0
ISIC_0014982,0.0,6,1.0,0.0
ISIC_0014983,2.6,5,0.5,2.0
ISIC_0014985,2.6,5,0.0,4.0
ISIC_0014987,2.6,5,1.0,0.0
ISIC_0014989,2.6,5,1.0,1.0
ISIC_0014992,0.0,5,0.5,0.0
ISIC_0014994,0.0,6,0.5,0.0
ISIC_0014998,0.0,6,0.5,1.0
ISIC_0015002,0.0,6,0.5,0.0
ISIC_0015003,2.6,6,0.0,0.0
ISIC_0015005,1.3,6,1.0,0.0
ISIC_0015007,2.6,6,0.5,0.0
ISIC_0015008,0.0,5,1.0,1.0
ISIC_0015009,0.0,6,0.5,2.0
ISIC_0015011,1.3,5,1.5,1.0
ISIC_0015013,2.6,6,1.0,0.0
ISIC_0015015,0.0,5,0.5,0.0
ISIC_0015016,0.0,6,1.5,0.0
ISIC_0015018,0.0,4,0.5,0.0
ISIC_0015019,1.3,5,1.0,1.0
ISIC_0015020,0.0,5,0.5,0.0
ISIC_0015021,2.6,5,0.0,0.0
ISIC_0015023,0.0,6,0.5,0.0
ISIC_0015026,0.0,6,0.0,0.0
ISIC_0015030,0.0,6,0.0,0.0
ISIC_0015031,1.3,5,0.0,3.0
ISIC_0015032,0.0,6,0.0,1.0
ISIC_0015034,0.0,6,0.5,0.0
ISIC_0015035,2.6,4,0.0,0.0
ISIC_0015037,0.0,4,1.5,0.0
ISIC_0015040,0.0,5,0.0,0.0
ISIC_0015041,2.6,6,0.5,1.0
ISIC_0015043,0.0,5,0.5,0.0
ISIC_0015044,1.3,6,0.0,0.0
ISIC_0015046,2.6,6,0.5,3.0
ISIC_0015050,2.6,6,1.0,2.0
ISIC_0015051,1.3,6,0.5,0.0
ISIC_0015056,1.3,5,1.0,0.0
ISIC_0015057,0.0,6,0.5,3.0
ISIC_0015060,0.0,6,0.0,2.0
ISIC_0015062,0.0,5,0.5,5.0
ISIC_0015064,1.3,6,1.0,0.0
ISIC_0015071,2.6,6,1.0,0.0
ISIC_0015078,0.0,5,1.0,7.0
ISIC_0015079,1.3,6,0.5,0.0
ISIC_0015082,1.3,6,0.5,0.0
ISIC_0015089,1.3,5,0.5,3.0
ISIC_0015102,0.0,5,1.0,4.0
ISIC_0015108,2.6,6,0.0,6.0
ISIC_0015109,0.0,6,0.5,0.0
ISIC_0015110,2.6,5,0.5,0.0
ISIC_0015113,0.0,6,0.5,0.0
ISIC_0015115,2.6,6,0.5,2.0
ISIC_0015118,0.0,6,0.5,2.0
ISIC_0015124,0.0,5,1.0,1.0
ISIC_0015125,0.0,5,0.5,2.0
ISIC_0015127,2.6,4,0.5,0.0
ISIC_0015129,0.0,5,0.5,3.0
ISIC_0015130,0.0,6,1.0,0.0
ISIC_0015132,1.3,5,0.5,0.0
ISIC_0015133,1.3,4,1.0,2.0
ISIC_0015136,2.6,5,0.5,0.0
ISIC_0015139,0.0,6,1.5,0.0
ISIC_0015140,0.0,5,0.5,2.0
ISIC_0015142,0.0,5,1.0,0.0
ISIC_0015144,0.0,5,0.5,0.0
ISIC_0015146,0.0,6,1.0,2.0
ISIC_0015149,2.6,6,1.0,0.0
ISIC_0015150,0.0,5,1.0,0.0
ISIC_0015152,0.0,5,0.5,7.0
ISIC_0015153,0.0,5,0.0,5.0
ISIC_0015155,2.6,5,0.0,1.0
ISIC_0015156,2.6,6,1.0,0.0
ISIC_0015157,0.0,6,1.0,0.0
ISIC_0015158,2.6,5,0.5,0.0
ISIC_0015160,0.0,4,0.5,0.0
ISIC_0015161,0.0,5,1.0,4.0
ISIC_0015163,1.3,5,0.5,2.0
ISIC_0015166,0.0,6,1.0,0.0
ISIC_0015167,2.6,6,0.5,2.0
ISIC_0015170,0.0,5,0.0,0.0
ISIC_0015171,0.0,5,1.0,1.0
ISIC_0015173,1.3,4,1.0,0.0
ISIC_0015174,2.6,6,0.5,0.0
ISIC_0015175,1.3,5,1.0,0.0
ISIC_0015176,0.0,5,1.0,3.0
ISIC_0015179,2.6,5,0.5,2.0
ISIC_0015180,2.6,5,1.0,0.0
ISIC_0015184,2.6,5,0.5,0.0
ISIC_0015185,2.6,6,1.0,0.0
ISIC_0015189,0.0,3,0.0,0.0
ISIC_0015190,2.6,5,0.5,0.0
ISIC_0015193,0.0,5,1.5,0.0
ISIC_0015200,0.0,4,0.5,6.0
ISIC_0015201,0.0,6,1.0,1.0
ISIC_0015202,0.0,6,0.5,5.0
ISIC_0015203,0.0,5,0.5,2.0
ISIC_0015204,0.0,5,1.0,2.0
ISIC_0015206,2.6,5,1.0,0.0
ISIC_0015207,0.0,6,0.0,2.0
ISIC_0015208,1.3,6,0.5,0.0
ISIC_0015211,2.6,5,0.5,0.0
ISIC_0015212,1.3,5,0.5,0.0
ISIC_0015215,0.0,5,0.5,0.0
ISIC_0015216,0.0,5,1.0,2.0
ISIC_0015218,0.0,6,0.5,0.0
ISIC_0015219,0.0,6,0.5,0.0
ISIC_0015220,0.0,6,0.5,0.0
ISIC_0015223,0.0,6,1.0,2.0
ISIC_0015224,0.0,4,0.5,7.0
ISIC_0015226,2.6,6,0.0,0.0
ISIC_0015229,0.0,6,1.0,1.0
ISIC_0015232,0.0,6,0.5,0.0
ISIC_0015233,0.0,5,0.0,0.0
ISIC_0015237,0.0,5,1.0,0.0
ISIC_0015241,1.3,6,1.0,0.0
ISIC_0015243,2.6,6,0.5,4.0
ISIC_0015244,1.3,5,1.0,5.0
ISIC_0015245,0.0,5,0.5,3.0
ISIC_0015250,1.3,6,1.0,1.0
ISIC_0015251,2.6,6,0.5,0.0
ISIC_0015254,0.0,5,0.5,0.0
ISIC_0015255,0.0,6,1.0,0.0
ISIC_0015256,0.0,6,0.5,0.0
ISIC_0015258,0.0,5,0.5,5.0
ISIC_0015260,0.0,5,0.5,0.0
ISIC_0015264,0.0,6,0.5,0.0
ISIC_0015270,0.0,4,0.5,5.0
ISIC_0015273,2.6,5,0.0,0.0
ISIC_0015274,0.0,6,0.5,0.0
ISIC_0015276,2.6,6,0.5,0.0
ISIC_0015279,2.6,6,1.0,7.0
ISIC_0015283,0.0,5,0.5,0.0
ISIC_0015284,1.3,5,0.0,3.0
ISIC_0015291,0.0,5,0.0,0.0
ISIC_0015293,2.6,5,1.0,4.0
ISIC_0015295,2.6,5,0.0,5.0
ISIC_0015298,0.0,4,0.5,0.0
ISIC_0015309,1.3,5,0.0,0.0
ISIC_0015310,0.0,5,0.5,0.0
ISIC_0015311,0.0,5,1.0,0.0
ISIC_0015312,0.0,5,1.0,0.0
ISIC_0015313,0.0,5,0.5,0.0
ISIC_0015330,1.3,4,0.5,0.0
ISIC_0015331,1.3,6,0.5,0.0
ISIC_0015353,2.6,5,0.5,3.0
ISIC_0015355,0.0,5,0.5,0.0
ISIC_0015357,0.0,6,0.5,0.0
ISIC_0015360,2.6,5,1.0,0.0
ISIC_0015363,0.0,4,0.0,2.0
ISIC_0015368,0.0,6,1.0,0.0
ISIC_0015369,0.0,5,0.5,3.0
ISIC_0015383,1.3,6,0.5,0.0
ISIC_0015390,1.3,5,0.5,2.0
ISIC_0015395,0.0,6,0.0,3.0
ISIC_0015401,1.3,6,1.0,0.0
ISIC_0015403,2.6,6,0.0,0.0
ISIC_0015404,0.0,5,0.0,0.0
ISIC_0015411,0.0,5,1.0,3.0
ISIC_0015412,2.6,5,1.0,5.0
ISIC_0015416,1.3,5,0.0,2.0
ISIC_0015417,2.6,4,0.5,0.0
ISIC_0015418,0.0,6,0.5,2.0
ISIC_0015419,0.0,5,1.0,0.0
ISIC_0015436,0.0,5,0.0,0.0
ISIC_0015440,0.0,5,0.0,0.0
ISIC_0015443,0.0,6,0.0,0.0
ISIC_0015445,2.6,5,0.0,0.0
ISIC_0015447,0.0,4,0.5,0.0
ISIC_0015455,0.0,6,1.0,2.0
ISIC_0015464,2.6,5,0.5,0.0
ISIC_0015466,2.6,4,0.5,2.0
ISIC_0015468,2.6,6,0.5,0.0
ISIC_0015476,0.0,5,0.5,2.0
ISIC_0015481,2.6,6,0.0,0.0
ISIC_0015482,1.3,5,1.0,0.0
ISIC_0015483,0.0,4,0.5,2.0
ISIC_0015485,0.0,4,1.0,0.0
ISIC_0015496,2.6,6,0.0,0.0
ISIC_0015510,0.0,6,0.0,0.0
ISIC_0015526,0.0,6,0.5,0.0
ISIC_0015537,1.3,5,0.5,0.0
ISIC_0015544,1.3,3,0.5,0.0
ISIC_0015559,1.3,5,0.0,0.0
ISIC_0015563,0.0,6,0.0,0.0
ISIC_0015566,0.0,5,0.5,0.0
ISIC_0015568,1.3,5,0.5,0.0
ISIC_0015582,0.0,6,0.5,0.0
ISIC_0015593,0.0,5,0.5,1.0
ISIC_0015603,0.0,6,0.0,0.0
ISIC_0015607,2.6,6,0.0,4.0
ISIC_0015614,2.6,6,0.5,1.0
ISIC_0015617,0.0,6,0.5,0.0
ISIC_0015625,0.0,5,0.0,0.0
ISIC_0015627,2.6,6,0.0,0.0
ISIC_0015631,2.6,5,1.0,4.0
ISIC_0015636,0.0,5,1.0,4.0
ISIC_0015638,1.3,5,0.5,0.0
ISIC_0015641,0.0,6,0.0,5.0
ISIC_0015645,1.3,4,0.5,0.0
ISIC_0015936,2.6,5,0.5,0.0
ISIC_0015937,2.6,6,1.0,0.0
ISIC_0015939,2.6,6,0.5,0.0
ISIC_0015940,0.0,6,0.5,7.0
ISIC_0015941,2.6,6,0.5,0.0
ISIC_0015942,1.3,6,0.5,0.0
ISIC_0015943,2.6,6,0.0,0.0
ISIC_0015944,1.3,4,0.0,0.0
ISIC_0015945,2.6,6,0.5,4.0
ISIC_0015946,2.6,6,0.5,5.0
ISIC_0015947,0.0,4,0.0,3.0
ISIC_0015948,0.0,5,0.5,1.0
ISIC_0015949,0.0,6,0.5,0.0
ISIC_0015950,0.0,6,1.0,0.0
ISIC_0015951,0.0,6,0.5,0.0
ISIC_0015952,2.6,6,0.0,0.0
ISIC_0015953,2.6,6,0.5,6.0
ISIC_0015955,2.6,5,0.0,5.0
ISIC_0015956,2.6,6,0.5,0.0
ISIC_0015957,0.0,5,0.0,4.0
ISIC_0015958,0.0,5,0.0,0.0
ISIC_0015960,2.6,6,0.5,0.0
ISIC_0015961,1.3,6,0.5,0.0
ISIC_0015962,0.0,6,0.5,0.0
ISIC_0015963,2.6,6,0.5,0.0
ISIC_0015964,0.0,6,0.5,0.0
ISIC_0015965,2.6,6,0.5,0.0
ISIC_0015966,2.6,6,0.5,0.0
ISIC_0015967,2.6,5,0.5,8.0
ISIC_0015968,0.0,6,0.5,0.0
ISIC_0015969,2.6,5,0.5,5.0
ISIC_0015971,0.0,6,0.5,0.0
ISIC_0015972,0.0,5,0.0,0.0
ISIC_0015973,2.6,4,0.0,7.0
ISIC_0015974,2.6,4,0.0,7.0
ISIC_0015975,0.0,6,0.5,0.0
ISIC_0015976,1.3,6,0.5,0.0
ISIC_0015978,0.0,5,0.0,3.0
ISIC_0015980,0.0,6,1.5,0.0
ISIC_0015981,2.6,6,0.5,0.0
ISIC_0015982,2.6,6,0.5,0.0
ISIC_0015983,2.6,5,0.5,0.0
ISIC_0015984,2.6,4,0.0,0.0
ISIC_0015985,0.0,6,0.5,3.0
ISIC_0015986,2.6,6,0.5,0.0
ISIC_0015987,2.6,6,0.5,0.0
ISIC_0015989,0.0,5,1.0,0.0
ISIC_0015990,0.0,6,0.5,0.0
ISIC_0015991,2.6,6,0.0,0.0
ISIC_0015993,1.3,6,0.5,0.0
ISIC_0015994,0.0,6,1.0,0.0
ISIC_0015995,1.3,6,0.5,0.0
ISIC_0015996,0.0,6,0.5,0.0
ISIC_0015997,0.0,6,1.0,0.0
ISIC_0015998,0.0,6,0.5,0.0
ISIC_0015999,1.3,6,0.5,0.0
ISIC_0016000,0.0,5,0.0,0.0
ISIC_0016003,1.3,6,1.0,0.0
ISIC_0016004,2.6,6,0.5,0.0
ISIC_0016005,1.3,6,0.5,0.0
ISIC_0016006,0.0,6,0.5,3.0
ISIC_0016007,0.0,6,0.5,0.0
ISIC_0016008,2.6,5,0.5,3.0
ISIC_0016009,0.0,6,0.5,7.0
ISIC_0016011,2.6,6,0.0,0.0
ISIC_0016012,1.3,6,0.5,0.0
ISIC_0016013,0.0,5,0.5,0.0
ISIC_0016014,2.6,6,0.5,0.0
ISIC_0016015,0.0,5,0.5,6.0
ISIC_0016016,0.0,5,0.5,0.0
ISIC_0016017,1.3,6,0.5,0.0
ISIC_0016019,0.0,6,0.5,7.0
ISIC_0016022,0.0,6,0.5,0.0
ISIC_0016023,0.0,5,0.5,0.0
ISIC_0016024,1.3,5,0.5,0.0
ISIC_0016025,2.6,6,0.5,3.0
ISIC_0016026,2.6,6,0.5,0.0
ISIC_0016027,0.0,6,0.5,0.0
ISIC_0016028,0.0,5,0.0,0.0
ISIC_0016029,0.0,4,0.5,0.0
ISIC_0016030,0.0,6,0.5,0.0
ISIC_0016033,1.3,6,0.5,0.0
ISIC_0016034,1.3,6,0.5,0.0
ISIC_0016035,2.6,5,0.5,2.0
ISIC_0016036,2.6,5,0.5,2.0
ISIC_0016037,0.0,5,0.5,0.0
ISIC_0016038,1.3,6,0.5,0.0
ISIC_0016040,2.6,6,0.5,0.0
ISIC_0016041,0.0,5,0.0,6.0
ISIC_0016042,2.6,6,0.0,0.0
ISIC_0016043,0.0,5,0.0,0.0
ISIC_0016044,2.6,5,0.5,0.0
ISIC_0016045,0.0,6,0.5,0.0
ISIC_0016046,1.3,6,0.5,0.0
ISIC_0016048,0.0,6,0.5,0.0
ISIC_0016050,2.6,6,0.5,0.0
ISIC_0016051,0.0,6,0.5,1.0
ISIC_0016052,0.0,5,0.0,0.0
ISIC_0016053,0.0,5,0.5,3.0
ISIC_0016054,0.0,5,0.0,0.0
ISIC_0016055,0.0,4,0.5,8.0
ISIC_0016056,0.0,6,0.5,3.0
ISIC_0016057,1.3,6,0.5,0.0
ISIC_0016058,0.0,5,0.0,3.0
ISIC_0016059,2.6,6,0.5,0.0
ISIC_0016060,0.0,5,0.5,0.0
ISIC_0016061,0.0,6,0.0,3.0
ISIC_0016062,2.6,6,0.5,1.0
ISIC_0016063,2.6,6,0.5,0.0
ISIC_0016064,2.6,6,0.5,0.0
ISIC_0016065,1.3,6,0.5,0.0
ISIC_0016066,0.0,5,0.5,3.0
ISIC_0016068,2.6,5,0.5,0.0
ISIC_0016069,0.0,6,1.0,0.0
ISIC_0016070,0.0,5,0.5,8.0
ISIC_0016071,1.3,6,0.5,0.0
ISIC_0016072,0.0,6,0.5,0.0
